1	MLXXXAA	2024-10-13 02:09:46.000000	\N	\N	\N
2	MLXXXAB	2024-10-13 04:09:46.000000	\N	\N	\N
3	MLXXXAB	2024-10-13 05:09:46.000000	\N	\N	\N
4	MLXXXAB	2024-10-13 06:09:46.000000	\N	\N	\N
5	MLXXXAB	2024-10-13 07:09:46.000000	\N	\N	\N
6	MLXXXAB	2024-10-13 08:09:46.000000	\N	\N	\N
7	MLXXXAB	2024-10-13 09:09:46.000000	\N	\N	\N
8	MLXXXAB	2024-10-13 10:09:46.000000	\N	\N	\N
9	MLXXXAB	2024-10-13 11:09:46.000000	\N	\N	\N
10	MLXXXAB	2024-10-13 12:09:46.000000	\N	\N	\N
11	MLXXXAB	2024-10-13 13:09:46.000000	\N	\N	\N
12	MLXXXAB	2024-10-13 14:09:46.000000	\N	\N	\N
13	MLXXXAB	2024-10-13 15:09:46.000000	\N	\N	\N
14	MLXXXAB	2024-10-13 16:09:46.000000	\N	\N	\N
15	MLXXXAB	2024-10-13 17:09:46.000000	\N	\N	\N
16	MLXXXAB	2024-10-13 18:09:46.000000	\N	\N	\N
17	MLXXXAB	2024-10-13 19:09:46.000000	\N	\N	\N
18	MLXXXAB	2024-10-13 20:09:46.000000	\N	\N	\N
19	MLXXXAB	2024-10-13 21:09:46.000000	\N	\N	\N
20	MLXXXAB	2024-10-13 22:09:46.000000	\N	\N	\N
21	MLXXXAB	2024-10-13 23:09:46.000000	\N	\N	\N
22	MLXXXAB	2024-10-14 00:09:46.000000	\N	\N	\N
23	MLXXXAB	2024-10-14 01:09:46.000000	\N	\N	\N
24	MLXXXAB	2024-10-14 02:09:46.000000	\N	\N	\N
25	MLXXXAB	2024-10-14 03:09:46.000000	\N	\N	\N
26	MLXXXAB	2024-10-14 04:09:46.000000	\N	\N	\N
27	MLXXXAB	2024-10-14 05:09:46.000000	\N	\N	\N
28	MLXXXAB	2024-10-14 06:09:46.000000	\N	\N	\N
29	MLXXXAB	2024-10-14 07:09:46.000000	Submission notes for 29	\N	\N
30	MLXXXAB	2024-10-14 08:09:46.000000	Submission notes for 30	\N	\N
31	MLXXXAB	2024-10-14 09:09:46.000000	Submission notes for 31	\N	\N
32	MLXXXAB	2024-10-14 10:09:46.000000	Submission notes for 32	\N	\N
33	MLXXXAB	2024-10-14 11:09:46.000000	Submission notes for 33	\N	\N
34	MLXXXAB	2024-10-14 12:09:46.000000	Submission notes for 34	\N	\N
35	MLXXXAB	2024-10-14 13:09:46.000000	Submission notes for 35	\N	\N
36	MLXXXAB	2024-10-14 14:09:46.000000	Submission notes for 36	\N	\N
37	MLXXXAB	2024-10-14 15:09:46.000000	Submission notes for 37	\N	\N
38	MLXXXAB	2024-10-14 16:09:46.000000	Submission notes for 38	\N	\N
39	MLXXXAB	2024-10-14 17:09:46.000000	Submission notes for 39	\N	\N
40	MLXXXAB	2024-10-14 18:09:46.000000	Submission notes for 40	\N	\N
41	MLXXXAB	2024-10-14 19:09:46.000000	Submission notes for 41	\N	\N
42	MLXXXAB	2024-10-14 20:09:46.000000	Submission notes for 42	\N	\N
43	MLXXXAB	2024-10-14 21:09:46.000000	\N	\N	\N
44	MLXXXAB	2024-10-14 22:09:46.000000	\N	\N	\N
45	MLXXXAB	2024-10-14 23:09:46.000000	\N	\N	\N
46	MLXXXAB	2024-10-15 00:09:46.000000	\N	\N	\N
47	MLXXXAB	2024-10-15 01:09:46.000000	\N	\N	\N
48	MLXXXAB	2024-10-15 02:09:46.000000	\N	\N	\N
49	MLXXXAB	2024-10-15 03:09:46.000000	\N	\N	\N
50	MLXXXAB	2024-10-15 04:09:46.000000	\N	\N	\N
51	MLXXXAB	2024-10-15 05:09:46.000000	\N	\N	\N
52	MLXXXAB	2024-10-15 06:09:46.000000	\N	\N	\N
53	MLXXXAB	2024-10-15 07:09:46.000000	\N	\N	\N
54	MLXXXAB	2024-10-15 08:09:46.000000	\N	\N	\N
55	MLXXXAB	2024-10-15 09:09:46.000000	\N	\N	\N
56	MLXXXAB	2024-10-15 10:09:46.000000	\N	\N	\N
57	MLXXXAB	2024-10-15 11:09:46.000000	\N	\N	\N
58	MLXXXAB	2024-10-15 12:09:46.000000	\N	\N	\N
59	MLXXXAB	2024-10-15 13:09:46.000000	\N	\N	\N
60	MLXXXAB	2024-10-15 14:09:46.000000	\N	\N	\N
61	MLXXXAB	2024-10-15 15:09:46.000000	\N	\N	\N
62	MLXXXAB	2024-10-15 16:09:46.000000	\N	\N	\N
63	MLXXXAB	2024-10-15 17:09:46.000000	\N	\N	\N
64	MLXXXAB	2024-10-15 18:09:46.000000	\N	\N	\N
65	MLXXXAB	2024-10-15 19:09:46.000000	\N	\N	\N
66	MLXXXAB	2024-10-15 20:09:46.000000	\N	\N	\N
67	MLXXXAB	2024-10-15 21:09:46.000000	\N	\N	\N
68	MLXXXAB	2024-10-15 22:09:46.000000	\N	\N	\N
69	MLXXXAB	2024-10-15 23:09:46.000000	\N	\N	\N
70	MLXXXAB	2024-10-16 00:09:46.000000	\N	\N	\N
71	MLXXXAB	2024-10-16 01:09:46.000000	\N	\N	\N
72	MLXXXAB	2024-10-16 02:09:46.000000	\N	\N	\N
73	MLXXXAB	2024-10-16 03:09:46.000000	\N	\N	\N
74	MLXXXAB	2024-10-16 04:09:46.000000	Submission notes for 74	\N	\N
75	MLXXXAB	2024-10-16 05:09:46.000000	Submission notes for 75	\N	\N
76	MLXXXAB	2024-10-16 06:09:46.000000	Submission notes for 76	\N	\N
77	MLXXXAB	2024-10-16 07:09:46.000000	Submission notes for 77	\N	\N
78	MLXXXAB	2024-10-16 08:09:46.000000	Submission notes for 78	\N	\N
79	MLXXXAB	2024-10-16 09:09:46.000000	Submission notes for 79	\N	\N
80	MLXXXAB	2024-10-16 10:09:46.000000	Submission notes for 80	\N	\N
81	MLXXXAB	2024-10-16 11:09:46.000000	Submission notes for 81	\N	\N
82	MLXXXAB	2024-10-16 12:09:46.000000	Submission notes for 82	\N	\N
83	MLXXXAB	2024-10-16 13:09:46.000000	Submission notes for 83	\N	\N
84	MLXXXAB	2024-10-16 14:09:46.000000	Submission notes for 84	\N	\N
85	MLXXXAB	2024-10-16 15:09:46.000000	Submission notes for 85	\N	\N
86	MLXXXAB	2024-10-16 16:09:46.000000	Submission notes for 86	\N	\N
87	MLXXXAB	2024-10-16 17:09:46.000000	Submission notes for 87	\N	\N
88	MLXXXAB	2024-10-16 18:09:46.000000	\N	\N	\N
89	MLXXXAB	2024-10-16 19:09:46.000000	\N	\N	\N
90	MLXXXAB	2024-10-16 20:09:46.000000	\N	\N	\N
91	MLXXXAB	2024-10-16 21:09:46.000000	\N	\N	\N
92	MLXXXAB	2024-10-16 22:09:46.000000	\N	\N	\N
93	MLXXXAB	2024-10-16 23:09:46.000000	\N	\N	\N
94	MLXXXAB	2024-10-17 00:09:46.000000	\N	\N	\N
95	MLXXXAB	2024-10-17 01:09:46.000000	\N	\N	\N
96	MLXXXAB	2024-10-17 02:09:46.000000	\N	\N	\N
97	MLXXXAB	2024-10-17 03:09:46.000000	\N	\N	\N
98	MLXXXAB	2024-10-13 00:09:46.000000	\N	\N	\N
99	MLXXXAB	2024-10-13 01:09:46.000000	\N	\N	\N
100	MLXXXAB	2024-10-13 02:09:46.000000	\N	\N	\N
101	MLXXXAB	2024-10-13 03:09:46.000000	\N	\N	\N
102	MLXXXAB	2024-10-13 04:09:46.000000	\N	\N	\N
103	MLXXXAB	2024-10-13 05:09:46.000000	\N	\N	\N
104	MLXXXAB	2024-10-13 06:09:46.000000	\N	\N	\N
105	MLXXXAB	2024-10-13 07:09:46.000000	\N	\N	\N
106	MLXXXAB	2024-10-13 08:09:46.000000	\N	\N	\N
107	MLXXXAB	2024-10-13 09:09:46.000000	\N	\N	\N
108	MLXXXAB	2024-10-13 10:09:46.000000	\N	\N	\N
109	MLXXXAB	2024-10-13 11:09:46.000000	\N	\N	\N
110	MLXXXAB	2024-10-13 12:09:46.000000	\N	\N	\N
111	MLXXXAB	2024-10-13 13:09:46.000000	\N	\N	\N
112	MLXXXAB	2024-10-13 14:09:46.000000	\N	\N	\N
113	MLXXXAB	2024-10-13 15:09:46.000000	\N	\N	\N
114	MLXXXAB	2024-10-13 16:09:46.000000	\N	\N	\N
115	MLXXXAB	2024-10-13 17:09:46.000000	\N	\N	\N
116	MLXXXAB	2024-10-13 18:09:46.000000	\N	\N	\N
117	MLXXXAB	2024-10-13 19:09:46.000000	\N	\N	\N
118	MLXXXAB	2024-10-13 20:09:46.000000	\N	\N	\N
119	MLXXXAB	2024-10-13 21:09:46.000000	Submission notes for 119	\N	\N
120	MLXXXAB	2024-10-13 22:09:46.000000	Submission notes for 120	\N	\N
121	MLXXXAB	2024-10-13 23:09:46.000000	Submission notes for 121	\N	\N
122	MLXXXAC	2024-10-14 01:09:46.000000	Submission notes for 122	\N	\N
123	MLXXXAC	2024-10-14 02:09:46.000000	Submission notes for 123	\N	\N
124	MLXXXAC	2024-10-14 03:09:46.000000	Submission notes for 124	\N	\N
125	MLXXXAC	2024-10-14 04:09:46.000000	Submission notes for 125	\N	\N
126	MLXXXAC	2024-10-14 05:09:46.000000	Submission notes for 126	\N	\N
127	MLXXXAD	2024-10-14 07:09:46.000000	Submission notes for 127	\N	\N
128	MLXXXAD	2024-10-14 08:09:46.000000	Submission notes for 128	\N	\N
129	MLXXXAD	2024-10-14 09:09:46.000000	Submission notes for 129	\N	\N
130	MLXXXAD	2024-10-14 10:09:46.000000	Submission notes for 130	\N	\N
131	MLXXXAD	2024-10-14 11:09:46.000000	\N	\N	\N
132	MLXXXAD	2024-10-14 12:09:46.000000	\N	\N	\N
133	MLXXXAE	2024-10-14 14:09:46.000000	\N	\N	\N
134	MLXXXAE	2024-10-14 15:09:46.000000	\N	\N	\N
135	MLXXXAE	2024-10-14 16:09:46.000000	\N	\N	\N
136	MLXXXAF	2024-10-14 18:09:46.000000	\N	\N	\N
137	MLXXXAF	2024-10-14 19:09:46.000000	\N	\N	\N
138	MLXXXAF	2024-10-14 20:09:46.000000	\N	\N	\N
139	MLXXXAG	2024-10-14 22:09:46.000000	\N	\N	\N
140	MLXXXAG	2024-10-14 23:09:46.000000	\N	\N	\N
141	MLXXXAG	2024-10-15 00:09:46.000000	\N	\N	\N
142	MLXXXAG	2024-10-15 01:09:46.000000	\N	\N	\N
143	MLXXXAG	2024-10-15 02:09:46.000000	\N	\N	\N
144	MLXXXAG	2024-10-15 03:09:46.000000	\N	\N	\N
145	MLXXXAG	2024-10-15 04:09:46.000000	\N	\N	\N
146	MLXXXAH	2024-10-15 06:09:46.000000	\N	\N	\N
147	MLXXXAH	2024-10-15 07:09:46.000000	\N	\N	\N
148	MLXXXAH	2024-10-15 08:09:46.000000	\N	\N	\N
149	MLXXXAH	2024-10-15 09:09:46.000000	\N	\N	\N
150	MLXXXAI	2024-10-15 11:09:46.000000	\N	\N	\N
151	MLXXXAJ	2024-10-15 13:09:46.000000	\N	\N	\N
152	MLXXXAJ	2024-10-15 14:09:46.000000	\N	\N	\N
153	MLXXXAJ	2024-10-15 15:09:46.000000	\N	\N	\N
154	MLXXXAJ	2024-10-15 16:09:46.000000	\N	\N	\N
155	MLXXXAJ	2024-10-15 17:09:46.000000	\N	\N	\N
156	MLXXXAJ	2024-10-15 18:09:46.000000	Submission notes for 156	\N	\N
157	MLXXXAJ	2024-10-15 19:09:46.000000	Submission notes for 157	\N	\N
158	MLXXXAJ	2024-10-15 20:09:46.000000	Submission notes for 158	\N	\N
159	MLXXXAJ	2024-10-15 21:09:46.000000	Submission notes for 159	\N	\N
160	MLXXXBA	2024-10-15 23:09:46.000000	Submission notes for 160	\N	\N
161	MLXXXBA	2024-10-16 00:09:46.000000	Submission notes for 161	\N	\N
162	MLXXXBA	2024-10-16 01:09:46.000000	Submission notes for 162	\N	\N
163	MLXXXBA	2024-10-16 02:09:46.000000	Submission notes for 163	\N	\N
164	MLXXXBA	2024-10-16 03:09:46.000000	Submission notes for 164	\N	\N
165	MLXXXBA	2024-10-16 04:09:46.000000	Submission notes for 165	\N	\N
166	MLXXXBA	2024-10-16 05:09:46.000000	Submission notes for 166	\N	\N
167	MLXXXBB	2024-10-16 07:09:46.000000	Submission notes for 167	\N	\N
168	MLXXXBB	2024-10-16 08:09:46.000000	\N	\N	\N
169	MLXXXBB	2024-10-16 09:09:46.000000	\N	\N	\N
170	MLXXXBC	2024-10-16 11:09:46.000000	\N	\N	\N
171	MLXXXBC	2024-10-16 12:09:46.000000	\N	\N	\N
172	MLXXXBC	2024-10-16 13:09:46.000000	\N	\N	\N
173	MLXXXBC	2024-10-16 14:09:46.000000	\N	\N	\N
174	MLXXXBC	2024-10-16 15:09:46.000000	\N	\N	\N
175	MLXXXBC	2024-10-16 16:09:46.000000	\N	\N	\N
176	MLXXXBC	2024-10-16 17:09:46.000000	\N	\N	\N
177	MLXXXBD	2024-10-16 19:09:46.000000	\N	\N	\N
178	MLXXXBD	2024-10-16 20:09:46.000000	\N	\N	\N
179	MLXXXBD	2024-10-16 21:09:46.000000	\N	\N	\N
180	MLXXXBD	2024-10-16 22:09:46.000000	\N	\N	\N
181	MLXXXBD	2024-10-16 23:09:46.000000	\N	\N	\N
182	MLXXXBE	2024-10-17 01:09:46.000000	\N	\N	\N
183	MLXXXBE	2024-10-17 02:09:46.000000	\N	\N	\N
184	MLXXXBE	2024-10-17 03:09:46.000000	\N	\N	\N
185	MLXXXBE	2024-10-13 00:09:46.000000	\N	\N	\N
186	MLXXXBF	2024-10-13 02:09:46.000000	\N	\N	\N
187	MLXXXBF	2024-10-13 03:09:46.000000	\N	\N	\N
188	MLXXXBF	2024-10-13 04:09:46.000000	\N	\N	\N
189	MLXXXBF	2024-10-13 05:09:46.000000	\N	\N	\N
190	MLXXXBF	2024-10-13 06:09:46.000000	\N	\N	\N
191	MLXXXBG	2024-10-13 08:09:46.000000	\N	\N	\N
192	MLXXXBG	2024-10-13 09:09:46.000000	\N	\N	\N
193	MLXXXBH	2024-10-13 11:09:46.000000	Submission notes for 193	\N	\N
194	MLXXXBH	2024-10-13 12:09:46.000000	Submission notes for 194	\N	\N
195	MLXXXBH	2024-10-13 13:09:46.000000	Submission notes for 195	\N	\N
196	MLXXXBH	2024-10-13 14:09:46.000000	Submission notes for 196	\N	\N
197	MLXXXBH	2024-10-13 15:09:46.000000	Submission notes for 197	\N	\N
198	MLXXXBH	2024-10-13 16:09:46.000000	Submission notes for 198	\N	\N
199	MLXXXBH	2024-10-13 17:09:46.000000	Submission notes for 199	\N	\N
200	MLXXXBI	2024-10-13 19:09:46.000000	Submission notes for 200	\N	\N
201	MLXXXBI	2024-10-13 20:09:46.000000	Submission notes for 201	\N	\N
202	MLXXXBJ	2024-10-13 22:09:46.000000	Submission notes for 202	\N	\N
203	MLXXXBJ	2024-10-13 23:09:46.000000	Submission notes for 203	\N	\N
204	MLXXXBJ	2024-10-14 00:09:46.000000	Submission notes for 204	\N	\N
205	MLXXXBJ	2024-10-14 01:09:46.000000	\N	\N	\N
206	MLXXXCA	2024-10-14 03:09:46.000000	\N	\N	\N
207	MLXXXCA	2024-10-14 04:09:46.000000	\N	\N	\N
208	MLXXXCA	2024-10-14 05:09:46.000000	\N	\N	\N
209	MLXXXCA	2024-10-14 06:09:46.000000	\N	\N	\N
210	MLXXXCA	2024-10-14 07:09:46.000000	\N	\N	\N
211	MLXXXCA	2024-10-14 08:09:46.000000	\N	\N	\N
212	MLXXXCA	2024-10-14 09:09:46.000000	\N	\N	\N
213	MLXXXCA	2024-10-14 10:09:46.000000	\N	\N	\N
214	MLXXXCB	2024-10-14 12:09:46.000000	\N	\N	\N
215	MLXXXCB	2024-10-14 13:09:46.000000	\N	\N	\N
216	MLXXXCB	2024-10-14 14:09:46.000000	\N	\N	\N
217	MLXXXCB	2024-10-14 15:09:46.000000	\N	\N	\N
218	MLXXXCB	2024-10-14 16:09:46.000000	\N	\N	\N
219	MLXXXCC	2024-10-14 18:09:46.000000	\N	\N	\N
220	MLXXXCC	2024-10-14 19:09:46.000000	\N	\N	\N
221	MLXXXCC	2024-10-14 20:09:46.000000	\N	\N	\N
222	MLXXXCC	2024-10-14 21:09:46.000000	\N	\N	\N
223	MLXXXCC	2024-10-14 22:09:46.000000	\N	\N	\N
224	MLXXXCC	2024-10-14 23:09:46.000000	\N	\N	\N
225	MLXXXCC	2024-10-15 00:09:46.000000	\N	\N	\N
226	MLXXXCC	2024-10-15 01:09:46.000000	\N	\N	\N
227	MLXXXCC	2024-10-15 02:09:46.000000	\N	\N	\N
228	MLXXXCD	2024-10-15 04:09:46.000000	\N	\N	\N
229	MLXXXCD	2024-10-15 05:09:46.000000	\N	\N	\N
230	MLXXXCD	2024-10-15 06:09:46.000000	\N	\N	\N
231	MLXXXCE	2024-10-15 08:09:46.000000	Submission notes for 231	\N	\N
232	MLXXXCE	2024-10-15 09:09:46.000000	Submission notes for 232	\N	\N
233	MLXXXCE	2024-10-15 10:09:46.000000	Submission notes for 233	\N	\N
234	MLXXXCE	2024-10-15 11:09:46.000000	Submission notes for 234	\N	\N
235	MLXXXCE	2024-10-15 12:09:46.000000	Submission notes for 235	\N	\N
236	MLXXXCF	2024-10-15 14:09:46.000000	Submission notes for 236	\N	\N
237	MLXXXCF	2024-10-15 15:09:46.000000	Submission notes for 237	\N	\N
238	MLXXXCF	2024-10-15 16:09:46.000000	Submission notes for 238	\N	\N
239	MLXXXCF	2024-10-15 17:09:46.000000	Submission notes for 239	\N	\N
240	MLXXXCF	2024-10-15 18:09:46.000000	Submission notes for 240	\N	\N
241	MLXXXCF	2024-10-15 19:09:46.000000	Submission notes for 241	\N	\N
242	MLXXXCF	2024-10-15 20:09:46.000000	Submission notes for 242	\N	\N
243	MLXXXCF	2024-10-15 21:09:46.000000	Submission notes for 243	\N	\N
244	MLXXXCG	2024-10-15 23:09:46.000000	\N	\N	\N
245	MLXXXCG	2024-10-16 00:09:46.000000	\N	\N	\N
246	MLXXXCG	2024-10-16 01:09:46.000000	\N	\N	\N
247	MLXXXCG	2024-10-16 02:09:46.000000	\N	\N	\N
248	MLXXXCG	2024-10-16 03:09:46.000000	\N	\N	\N
249	MLXXXCG	2024-10-16 04:09:46.000000	\N	\N	\N
250	MLXXXCG	2024-10-16 05:09:46.000000	\N	\N	\N
251	MLXXXCG	2024-10-16 06:09:46.000000	\N	\N	\N
252	MLXXXCG	2024-10-16 07:09:46.000000	\N	\N	\N
253	MLXXXCH	2024-10-16 09:09:46.000000	\N	\N	\N
254	MLXXXCH	2024-10-16 10:09:46.000000	\N	\N	\N
255	MLXXXCH	2024-10-16 11:09:46.000000	\N	\N	\N
256	MLXXXCH	2024-10-16 12:09:46.000000	\N	\N	\N
257	MLXXXCH	2024-10-16 13:09:46.000000	\N	\N	\N
258	MLXXXCH	2024-10-16 14:09:46.000000	\N	\N	\N
259	MLXXXCH	2024-10-16 15:09:46.000000	\N	\N	\N
260	MLXXXCH	2024-10-16 16:09:46.000000	\N	\N	\N
261	MLXXXCH	2024-10-16 17:09:46.000000	\N	\N	\N
262	MLXXXCH	2024-10-16 18:09:46.000000	\N	\N	\N
263	MLXXXCI	2024-10-16 20:09:46.000000	\N	\N	\N
264	MLXXXCI	2024-10-16 21:09:46.000000	\N	\N	\N
265	MLXXXCI	2024-10-16 22:09:46.000000	\N	\N	\N
266	MLXXXCI	2024-10-16 23:09:46.000000	\N	\N	\N
267	MLXXXCI	2024-10-17 00:09:46.000000	\N	\N	\N
268	MLXXXCI	2024-10-17 01:09:46.000000	\N	\N	\N
269	MLXXXCI	2024-10-17 02:09:46.000000	\N	\N	\N
270	MLXXXCI	2024-10-17 03:09:46.000000	\N	\N	\N
271	MLXXXCI	2024-10-13 00:09:46.000000	\N	\N	\N
272	MLXXXCJ	2024-10-13 02:09:46.000000	Submission notes for 272	\N	\N
273	MLXXXCJ	2024-10-13 03:09:46.000000	Submission notes for 273	\N	\N
274	MLXXXCJ	2024-10-13 04:09:46.000000	Submission notes for 274	\N	\N
275	MLXXXCJ	2024-10-13 05:09:46.000000	Submission notes for 275	\N	\N
276	MLXXXCJ	2024-10-13 06:09:46.000000	Submission notes for 276	\N	\N
277	MLXXXCJ	2024-10-13 07:09:46.000000	Submission notes for 277	\N	\N
278	MLXXXCJ	2024-10-13 08:09:46.000000	Submission notes for 278	\N	\N
279	MLXXXCJ	2024-10-13 09:09:46.000000	Submission notes for 279	\N	\N
280	MLXXXCJ	2024-10-13 10:09:46.000000	Submission notes for 280	\N	\N
281	MLXXXDA	2024-10-13 12:09:46.000000	Submission notes for 281	\N	\N
282	MLXXXDA	2024-10-13 13:09:46.000000	Submission notes for 282	\N	\N
283	MLXXXDA	2024-10-13 14:09:46.000000	Submission notes for 283	\N	\N
284	MLXXXDA	2024-10-13 15:09:46.000000	\N	\N	\N
285	MLXXXDA	2024-10-13 16:09:46.000000	\N	\N	\N
286	MLXXXDA	2024-10-13 17:09:46.000000	\N	\N	\N
287	MLXXXDA	2024-10-13 18:09:46.000000	\N	\N	\N
288	MLXXXDA	2024-10-13 19:09:46.000000	\N	\N	\N
289	MLXXXDA	2024-10-13 20:09:46.000000	\N	\N	\N
290	MLXXXDA	2024-10-13 21:09:46.000000	\N	\N	\N
291	MLXXXDC	2024-10-14 00:09:46.000000	\N	\N	\N
292	MLXXXDC	2024-10-14 01:09:46.000000	\N	\N	\N
293	MLXXXDC	2024-10-14 02:09:46.000000	\N	\N	\N
294	MLXXXDC	2024-10-14 03:09:46.000000	\N	\N	\N
295	MLXXXDC	2024-10-14 04:09:46.000000	\N	\N	\N
296	MLXXXDC	2024-10-14 05:09:46.000000	\N	\N	\N
297	MLXXXDC	2024-10-14 06:09:46.000000	\N	\N	\N
298	MLXXXDC	2024-10-14 07:09:46.000000	\N	\N	\N
299	MLXXXDC	2024-10-14 08:09:46.000000	\N	\N	\N
300	MLXXXDC	2024-10-14 09:09:46.000000	\N	\N	\N
301	MLXXXDD	2024-10-14 11:09:46.000000	\N	\N	\N
302	MLXXXDD	2024-10-14 12:09:46.000000	\N	\N	\N
303	MLXXXDE	2024-10-14 14:09:46.000000	\N	\N	\N
304	MLXXXDE	2024-10-14 15:09:46.000000	\N	\N	\N
305	MLXXXDF	2024-10-14 17:09:46.000000	\N	\N	\N
306	MLXXXDF	2024-10-14 18:09:46.000000	\N	\N	\N
307	MLXXXDF	2024-10-14 19:09:46.000000	\N	\N	\N
308	MLXXXDF	2024-10-14 20:09:46.000000	\N	\N	\N
309	MLXXXDF	2024-10-14 21:09:46.000000	\N	\N	\N
310	MLXXXDF	2024-10-14 22:09:46.000000	Submission notes for 310	\N	\N
311	MLXXXDG	2024-10-15 00:09:46.000000	Submission notes for 311	\N	\N
312	MLXXXDG	2024-10-15 01:09:46.000000	Submission notes for 312	\N	\N
313	MLXXXDG	2024-10-15 02:09:46.000000	Submission notes for 313	\N	\N
314	MLXXXDG	2024-10-15 03:09:46.000000	Submission notes for 314	\N	\N
315	MLXXXDG	2024-10-15 04:09:46.000000	Submission notes for 315	\N	\N
316	MLXXXDG	2024-10-15 05:09:46.000000	Submission notes for 316	\N	\N
317	MLXXXDG	2024-10-15 06:09:46.000000	Submission notes for 317	\N	\N
318	MLXXXDG	2024-10-15 07:09:46.000000	Submission notes for 318	\N	\N
319	MLXXXDH	2024-10-15 09:09:46.000000	Submission notes for 319	\N	\N
320	MLXXXDH	2024-10-15 10:09:46.000000	Submission notes for 320	\N	\N
321	MLXXXDH	2024-10-15 11:09:46.000000	Submission notes for 321	\N	\N
322	MLXXXDH	2024-10-15 12:09:46.000000	\N	\N	\N
323	MLXXXDH	2024-10-15 13:09:46.000000	\N	\N	\N
324	MLXXXDI	2024-10-15 15:09:46.000000	\N	\N	\N
325	MLXXXDI	2024-10-15 16:09:46.000000	\N	\N	\N
326	MLXXXDI	2024-10-15 17:09:46.000000	\N	\N	\N
327	MLXXXDI	2024-10-15 18:09:46.000000	\N	\N	\N
328	MLXXXDI	2024-10-15 19:09:46.000000	\N	\N	\N
329	MLXXXDI	2024-10-15 20:09:46.000000	\N	\N	\N
330	MLXXXDI	2024-10-15 21:09:46.000000	\N	\N	\N
331	MLXXXDI	2024-10-15 22:09:46.000000	\N	\N	\N
332	MLXXXDI	2024-10-15 23:09:46.000000	\N	\N	\N
333	MLXXXDI	2024-10-16 00:09:46.000000	\N	\N	\N
334	MLXXXDJ	2024-10-16 02:09:46.000000	\N	\N	\N
335	MLXXXDJ	2024-10-16 03:09:46.000000	\N	\N	\N
336	MLXXXDJ	2024-10-16 04:09:46.000000	\N	\N	\N
337	MLXXXDJ	2024-10-16 05:09:46.000000	\N	\N	\N
338	MLXXXDJ	2024-10-16 06:09:46.000000	\N	\N	\N
339	MLXXXDJ	2024-10-16 07:09:46.000000	\N	\N	\N
340	MLXXXDJ	2024-10-16 08:09:46.000000	\N	\N	\N
341	MLXXXDJ	2024-10-16 09:09:46.000000	\N	\N	\N
342	MLXXXDJ	2024-10-16 10:09:46.000000	\N	\N	\N
343	MLXXXDJ	2024-10-16 11:09:46.000000	\N	\N	\N
344	MLXXXEA	2024-10-16 13:09:46.000000	\N	\N	\N
345	MLXXXEA	2024-10-16 14:09:46.000000	\N	\N	\N
346	MLXXXEA	2024-10-16 15:09:46.000000	\N	\N	\N
347	MLXXXEA	2024-10-16 16:09:46.000000	\N	\N	\N
348	MLXXXEA	2024-10-16 17:09:46.000000	\N	\N	\N
349	MLXXXEA	2024-10-16 18:09:46.000000	\N	\N	\N
350	MLXXXEA	2024-10-16 19:09:46.000000	Submission notes for 350	\N	\N
351	MLXXXEB	2024-10-16 21:09:46.000000	Submission notes for 351	\N	\N
352	MLXXXEB	2024-10-16 22:09:46.000000	Submission notes for 352	\N	\N
353	MLXXXEB	2024-10-16 23:09:46.000000	Submission notes for 353	\N	\N
354	MLXXXEB	2024-10-17 00:09:46.000000	Submission notes for 354	\N	\N
355	MLXXXEB	2024-10-17 01:09:46.000000	Submission notes for 355	\N	\N
356	MLXXXEB	2024-10-17 02:09:46.000000	Submission notes for 356	\N	\N
357	MLXXXEB	2024-10-17 03:09:46.000000	Submission notes for 357	\N	\N
358	MLXXXEB	2024-10-13 00:09:46.000000	Submission notes for 358	\N	\N
359	MLXXXEB	2024-10-13 01:09:46.000000	Submission notes for 359	\N	\N
360	MLXXXEC	2024-10-13 03:09:46.000000	Submission notes for 360	\N	\N
361	MLXXXEC	2024-10-13 04:09:46.000000	Submission notes for 361	\N	\N
362	MLXXXEC	2024-10-13 05:09:46.000000	\N	\N	\N
363	MLXXXEC	2024-10-13 06:09:46.000000	\N	\N	\N
364	MLXXXEC	2024-10-13 07:09:46.000000	\N	\N	\N
365	MLXXXEC	2024-10-13 08:09:46.000000	\N	\N	\N
366	MLXXXEC	2024-10-13 09:09:46.000000	\N	\N	\N
367	MLXXXED	2024-10-13 11:09:46.000000	\N	\N	\N
368	MLXXXED	2024-10-13 12:09:46.000000	\N	\N	\N
369	MLXXXED	2024-10-13 13:09:46.000000	\N	\N	\N
370	MLXXXEE	2024-10-13 15:09:46.000000	\N	\N	\N
371	MLXXXEE	2024-10-13 16:09:46.000000	\N	\N	\N
372	MLXXXEE	2024-10-13 17:09:46.000000	\N	\N	\N
373	MLXXXEE	2024-10-13 18:09:46.000000	\N	\N	\N
374	MLXXXEE	2024-10-13 19:09:46.000000	\N	\N	\N
375	MLXXXEE	2024-10-13 20:09:46.000000	\N	\N	\N
376	MLXXXEF	2024-10-13 22:09:46.000000	\N	\N	\N
377	MLXXXEF	2024-10-13 23:09:46.000000	\N	\N	\N
378	MLXXXEG	2024-10-14 01:09:46.000000	\N	\N	\N
379	MLXXXEG	2024-10-14 02:09:46.000000	\N	\N	\N
380	MLXXXEH	2024-10-14 04:09:46.000000	\N	\N	\N
381	MLXXXEI	2024-10-14 06:09:46.000000	\N	\N	\N
382	MLXXXEI	2024-10-14 07:09:46.000000	\N	\N	\N
383	MLXXXEI	2024-10-14 08:09:46.000000	\N	\N	\N
384	MLXXXEI	2024-10-14 09:09:46.000000	\N	\N	\N
385	MLXXXEI	2024-10-14 10:09:46.000000	\N	\N	\N
386	MLXXXEI	2024-10-14 11:09:46.000000	\N	\N	\N
387	MLXXXEI	2024-10-14 12:09:46.000000	Submission notes for 387	\N	\N
388	MLXXXEJ	2024-10-14 14:09:46.000000	Submission notes for 388	\N	\N
389	MLXXXEJ	2024-10-14 15:09:46.000000	Submission notes for 389	\N	\N
390	MLXXXEJ	2024-10-14 16:09:46.000000	Submission notes for 390	\N	\N
391	MLXXXEJ	2024-10-14 17:09:46.000000	Submission notes for 391	\N	\N
392	MLXXXEJ	2024-10-14 18:09:46.000000	Submission notes for 392	\N	\N
393	MLXXXEJ	2024-10-14 19:09:46.000000	Submission notes for 393	\N	\N
394	MLXXXEJ	2024-10-14 20:09:46.000000	Submission notes for 394	\N	\N
395	MLXXXEJ	2024-10-14 21:09:46.000000	Submission notes for 395	\N	\N
396	MLXXXEJ	2024-10-14 22:09:46.000000	Submission notes for 396	\N	\N
397	MLXXXFA	2024-10-15 00:09:46.000000	Submission notes for 397	\N	\N
398	MLXXXFA	2024-10-15 01:09:46.000000	Submission notes for 398	\N	\N
399	MLXXXFA	2024-10-15 02:09:46.000000	\N	\N	\N
400	MLXXXFA	2024-10-15 03:09:46.000000	\N	\N	\N
401	MLXXXFA	2024-10-15 04:09:46.000000	\N	\N	\N
402	MLXXXFA	2024-10-15 05:09:46.000000	\N	\N	\N
403	MLXXXFA	2024-10-15 06:09:46.000000	\N	\N	\N
404	MLXXXFB	2024-10-15 08:09:46.000000	\N	\N	\N
405	MLXXXFB	2024-10-15 09:09:46.000000	\N	\N	\N
406	MLXXXFB	2024-10-15 10:09:46.000000	\N	\N	\N
407	MLXXXFB	2024-10-15 11:09:46.000000	\N	\N	\N
408	MLXXXFB	2024-10-15 12:09:46.000000	\N	\N	\N
409	MLXXXFB	2024-10-15 13:09:46.000000	\N	\N	\N
410	MLXXXFB	2024-10-15 14:09:46.000000	\N	\N	\N
411	MLXXXFB	2024-10-15 15:09:46.000000	\N	\N	\N
412	MLXXXFB	2024-10-15 16:09:46.000000	\N	\N	\N
413	MLXXXFC	2024-10-15 18:09:46.000000	\N	\N	\N
414	MLXXXFC	2024-10-15 19:09:46.000000	\N	\N	\N
415	MLXXXFC	2024-10-15 20:09:46.000000	\N	\N	\N
416	MLXXXFC	2024-10-15 21:09:46.000000	\N	\N	\N
417	MLXXXFC	2024-10-15 22:09:46.000000	\N	\N	\N
418	MLXXXFC	2024-10-15 23:09:46.000000	\N	\N	\N
419	MLXXXFD	2024-10-16 01:09:46.000000	\N	\N	\N
420	MLXXXFE	2024-10-16 03:09:46.000000	\N	\N	\N
421	MLXXXFE	2024-10-16 04:09:46.000000	\N	\N	\N
422	MLXXXFE	2024-10-16 05:09:46.000000	\N	\N	\N
423	MLXXXFF	2024-10-16 07:09:46.000000	\N	\N	\N
424	MLXXXFF	2024-10-16 08:09:46.000000	\N	\N	\N
425	MLXXXFF	2024-10-16 09:09:46.000000	Submission notes for 425	\N	\N
426	MLXXXFF	2024-10-16 10:09:46.000000	Submission notes for 426	\N	\N
427	MLXXXFF	2024-10-16 11:09:46.000000	Submission notes for 427	\N	\N
428	MLXXXFF	2024-10-16 12:09:46.000000	Submission notes for 428	\N	\N
429	MLXXXFF	2024-10-16 13:09:46.000000	Submission notes for 429	\N	\N
430	MLXXXFF	2024-10-16 14:09:46.000000	Submission notes for 430	\N	\N
431	MLXXXFF	2024-10-16 15:09:46.000000	Submission notes for 431	\N	\N
432	MLXXXFF	2024-10-16 16:09:46.000000	Submission notes for 432	\N	\N
433	MLXXXFG	2024-10-16 18:09:46.000000	Submission notes for 433	\N	\N
434	MLXXXFG	2024-10-16 19:09:46.000000	Submission notes for 434	\N	\N
435	MLXXXFG	2024-10-16 20:09:46.000000	Submission notes for 435	\N	\N
436	MLXXXFG	2024-10-16 21:09:46.000000	Submission notes for 436	\N	\N
437	MLXXXFG	2024-10-16 22:09:46.000000	Submission notes for 437	\N	\N
438	MLXXXFH	2024-10-17 00:09:46.000000	\N	\N	\N
439	MLXXXFH	2024-10-17 01:09:46.000000	\N	\N	\N
440	MLXXXFH	2024-10-17 02:09:46.000000	\N	\N	\N
441	MLXXXFH	2024-10-17 03:09:46.000000	\N	\N	\N
442	MLXXXFI	2024-10-13 01:09:46.000000	\N	\N	\N
443	MLXXXFI	2024-10-13 02:09:46.000000	\N	\N	\N
444	MLXXXFI	2024-10-13 03:09:46.000000	\N	\N	\N
445	MLXXXFI	2024-10-13 04:09:46.000000	\N	\N	\N
446	MLXXXFI	2024-10-13 05:09:46.000000	\N	\N	\N
447	MLXXXFJ	2024-10-13 07:09:46.000000	\N	\N	\N
448	MLXXXFJ	2024-10-13 08:09:46.000000	\N	\N	\N
449	MLXXXFJ	2024-10-13 09:09:46.000000	\N	\N	\N
450	MLXXXFJ	2024-10-13 10:09:46.000000	\N	\N	\N
451	MLXXXFJ	2024-10-13 11:09:46.000000	\N	\N	\N
452	MLXXXFJ	2024-10-13 12:09:46.000000	\N	\N	\N
453	DELXXAB	2024-10-13 14:09:46.000000	\N	\N	\N
454	DELXXAB	2024-10-13 15:09:46.000000	\N	\N	\N
455	DELXXAB	2024-10-13 16:09:46.000000	\N	\N	\N
456	DELXXAB	2024-10-13 17:09:46.000000	\N	\N	\N
457	DELXXAB	2024-10-13 18:09:46.000000	\N	\N	\N
458	DELXXAB	2024-10-13 19:09:46.000000	\N	\N	\N
459	DELXXAB	2024-10-13 20:09:46.000000	\N	\N	\N
460	DELXXAB	2024-10-13 21:09:46.000000	\N	\N	\N
461	DELXXAB	2024-10-13 22:09:46.000000	\N	\N	\N
462	DELXXAB	2024-10-13 23:09:46.000000	\N	\N	\N
463	DELXXAC	2024-10-14 01:09:46.000000	\N	\N	\N
464	DELXXAC	2024-10-14 02:09:46.000000	Submission notes for 464	\N	\N
465	DELXXAC	2024-10-14 03:09:46.000000	Submission notes for 465	\N	\N
466	DELXXAC	2024-10-14 04:09:46.000000	Submission notes for 466	\N	\N
467	DELXXAC	2024-10-14 05:09:46.000000	Submission notes for 467	\N	\N
468	DELXXAC	2024-10-14 06:09:46.000000	Submission notes for 468	\N	\N
469	DELXXAC	2024-10-14 07:09:46.000000	Submission notes for 469	\N	\N
470	DELXXAC	2024-10-14 08:09:46.000000	Submission notes for 470	\N	\N
471	DELXXAC	2024-10-14 09:09:46.000000	Submission notes for 471	\N	\N
472	DELXXAD	2024-10-14 11:09:46.000000	Submission notes for 472	\N	\N
473	DELXXAD	2024-10-14 12:09:46.000000	Submission notes for 473	\N	\N
474	DELXXAD	2024-10-14 13:09:46.000000	Submission notes for 474	\N	\N
475	DELXXAD	2024-10-14 14:09:46.000000	Submission notes for 475	\N	\N
476	DELXXAD	2024-10-14 15:09:46.000000	Submission notes for 476	\N	\N
477	DELXXAF	2024-10-14 18:09:46.000000	\N	\N	\N
478	DELXXAF	2024-10-14 19:09:46.000000	\N	\N	\N
479	DELXXAF	2024-10-14 20:09:46.000000	\N	\N	\N
480	DELXXAF	2024-10-14 21:09:46.000000	\N	\N	\N
481	DELXXAG	2024-10-14 23:09:46.000000	\N	\N	\N
482	DELXXAG	2024-10-15 00:09:46.000000	\N	\N	\N
483	DELXXAG	2024-10-15 01:09:46.000000	\N	\N	\N
484	DELXXAG	2024-10-15 02:09:46.000000	\N	\N	\N
485	DELXXAG	2024-10-15 03:09:46.000000	\N	\N	\N
486	DELXXAG	2024-10-15 04:09:46.000000	\N	\N	\N
487	DELXXAG	2024-10-15 05:09:46.000000	\N	\N	\N
488	DELXXAG	2024-10-15 06:09:46.000000	\N	\N	\N
489	DELXXAH	2024-10-15 08:09:46.000000	\N	\N	\N
490	DELXXAI	2024-10-15 10:09:46.000000	\N	\N	\N
491	DELXXAI	2024-10-15 11:09:46.000000	\N	\N	\N
492	DELXXAI	2024-10-15 12:09:46.000000	\N	\N	\N
493	DELXXAI	2024-10-15 13:09:46.000000	\N	\N	\N
494	DELXXAI	2024-10-15 14:09:46.000000	\N	\N	\N
495	DELXXAI	2024-10-15 15:09:46.000000	\N	\N	\N
496	DELXXAI	2024-10-15 16:09:46.000000	\N	\N	\N
497	DELXXAI	2024-10-15 17:09:46.000000	\N	\N	\N
498	DELXXAJ	2024-10-15 19:09:46.000000	\N	\N	\N
499	DELXXAJ	2024-10-15 20:09:46.000000	\N	\N	\N
500	DELXXAJ	2024-10-15 21:09:46.000000	\N	\N	\N
501	DELXXAJ	2024-10-15 22:09:46.000000	\N	\N	\N
502	DELXXAJ	2024-10-15 23:09:46.000000	Submission notes for 502	\N	\N
503	DELXXAJ	2024-10-16 00:09:46.000000	Submission notes for 503	\N	\N
504	DELXXAJ	2024-10-16 01:09:46.000000	Submission notes for 504	\N	\N
505	DELXXBA	2024-10-16 03:09:46.000000	Submission notes for 505	\N	\N
649	MLXXXBA	2024-10-20 00:09:46.000000	\N	\N	\N
650	MLXXXBA	2024-10-20 00:09:46.000000	\N	\N	\N
651	MLXXXBA	2024-10-20 00:09:46.000000	\N	\N	\N
652	MLXXXBA	2024-10-20 00:09:46.000000	\N	\N	\N
653	MLXXXBA	2024-10-20 00:09:46.000000	\N	\N	\N
506	MLXXXAA	2024-10-15 00:09:46.000000	\N	\N	\N
507	MLXXXAA	2024-10-15 01:09:46.000000	\N	\N	\N
508	MLXXXAA	2024-10-15 02:09:46.000000	\N	\N	\N
509	MLXXXAC	2024-10-15 03:09:46.000000	\N	\N	\N
510	MLXXXAD	2024-10-15 04:09:46.000000	\N	\N	\N
511	MLXXXAD	2024-10-15 05:09:46.000000	\N	\N	\N
512	MLXXXAE	2024-10-15 06:09:46.000000	\N	\N	\N
513	MLXXXAF	2024-10-15 07:09:46.000000	\N	\N	\N
514	MLXXXAG	2024-10-15 08:09:46.000000	\N	\N	\N
515	MLXXXAH	2024-10-15 09:09:46.000000	\N	\N	\N
516	MLXXXAH	2024-10-15 10:09:46.000000	\N	\N	\N
517	MLXXXAH	2024-10-15 11:09:46.000000	\N	\N	\N
518	MLXXXAI	2024-10-15 12:09:46.000000	\N	\N	\N
519	MLXXXAI	2024-10-15 13:09:46.000000	\N	\N	\N
520	MLXXXBA	2024-10-15 14:09:46.000000	\N	\N	\N
521	MLXXXBA	2024-10-15 15:09:46.000000	\N	\N	\N
522	MLXXXBB	2024-10-15 16:09:46.000000	\N	\N	\N
523	MLXXXBB	2024-10-15 17:09:46.000000	\N	\N	\N
524	MLXXXBC	2024-10-15 18:09:46.000000	\N	\N	\N
525	MLXXXBC	2024-10-15 19:09:46.000000	\N	\N	\N
526	MLXXXBD	2024-10-15 20:09:46.000000	\N	\N	\N
527	MLXXXBE	2024-10-15 21:09:46.000000	\N	\N	\N
528	MLXXXBF	2024-10-15 22:09:46.000000	\N	\N	\N
529	MLXXXBF	2024-10-15 23:09:46.000000	Submission notes for 529	\N	\N
530	MLXXXBG	2024-10-16 00:09:46.000000	Submission notes for 530	\N	\N
531	MLXXXBG	2024-10-16 01:09:46.000000	Submission notes for 531	\N	\N
532	MLXXXBH	2024-10-16 02:09:46.000000	Submission notes for 532	\N	\N
533	MLXXXBH	2024-10-16 03:09:46.000000	Submission notes for 533	\N	\N
534	MLXXXBH	2024-10-16 04:09:46.000000	Submission notes for 534	\N	\N
535	MLXXXBI	2024-10-16 05:09:46.000000	Submission notes for 535	\N	\N
536	MLXXXBI	2024-10-16 06:09:46.000000	Submission notes for 536	\N	\N
537	MLXXXBJ	2024-10-16 07:09:46.000000	Submission notes for 537	\N	\N
538	MLXXXBJ	2024-10-16 08:09:46.000000	Submission notes for 538	\N	\N
539	MLXXXBJ	2024-10-16 09:09:46.000000	Submission notes for 539	\N	\N
540	MLXXXCA	2024-10-16 10:09:46.000000	Submission notes for 540	\N	\N
541	MLXXXCA	2024-10-16 11:09:46.000000	Submission notes for 541	\N	\N
542	MLXXXCB	2024-10-16 12:09:46.000000	Submission notes for 542	\N	\N
543	MLXXXCB	2024-10-16 13:09:46.000000	\N	\N	\N
544	MLXXXCC	2024-10-16 14:09:46.000000	\N	\N	\N
545	MLXXXCD	2024-10-16 15:09:46.000000	\N	\N	\N
546	MLXXXCD	2024-10-16 16:09:46.000000	\N	\N	\N
547	MLXXXCD	2024-10-16 17:09:46.000000	\N	\N	\N
548	MLXXXCE	2024-10-16 18:09:46.000000	\N	\N	\N
549	MLXXXCE	2024-10-16 19:09:46.000000	\N	\N	\N
550	MLXXXCF	2024-10-16 20:09:46.000000	\N	\N	\N
551	MLXXXCF	2024-10-16 21:09:46.000000	\N	\N	\N
552	MLXXXCF	2024-10-16 22:09:46.000000	\N	\N	\N
553	MLXXXCG	2024-10-16 23:09:46.000000	\N	\N	\N
554	MLXXXCG	2024-10-17 00:09:46.000000	\N	\N	\N
555	MLXXXCH	2024-10-17 01:09:46.000000	\N	\N	\N
556	MLXXXCH	2024-10-17 02:09:46.000000	\N	\N	\N
557	MLXXXCI	2024-10-17 03:09:46.000000	\N	\N	\N
558	MLXXXCI	2024-10-13 00:09:46.000000	\N	\N	\N
559	MLXXXCI	2024-10-13 01:09:46.000000	\N	\N	\N
560	MLXXXCJ	2024-10-13 02:09:46.000000	\N	\N	\N
561	MLXXXCJ	2024-10-13 03:09:46.000000	\N	\N	\N
562	MLXXXDA	2024-10-13 04:09:46.000000	\N	\N	\N
563	MLXXXDB	2024-10-13 05:09:46.000000	\N	\N	\N
564	MLXXXDB	2024-10-13 06:09:46.000000	\N	\N	\N
565	MLXXXDB	2024-10-13 07:09:46.000000	\N	\N	\N
566	MLXXXDC	2024-10-13 08:09:46.000000	\N	\N	\N
567	MLXXXDC	2024-10-13 09:09:46.000000	\N	\N	\N
568	MLXXXDC	2024-10-13 10:09:46.000000	\N	\N	\N
569	MLXXXDD	2024-10-13 11:09:46.000000	\N	\N	\N
570	MLXXXDD	2024-10-13 12:09:46.000000	\N	\N	\N
571	MLXXXDD	2024-10-13 13:09:46.000000	\N	\N	\N
572	MLXXXDE	2024-10-13 14:09:46.000000	\N	\N	\N
573	MLXXXDE	2024-10-13 15:09:46.000000	\N	\N	\N
574	MLXXXDF	2024-10-13 16:09:46.000000	Submission notes for 574	\N	\N
575	MLXXXDF	2024-10-13 17:09:46.000000	Submission notes for 575	\N	\N
576	MLXXXDG	2024-10-13 18:09:46.000000	Submission notes for 576	\N	\N
577	MLXXXDG	2024-10-13 19:09:46.000000	Submission notes for 577	\N	\N
578	MLXXXDH	2024-10-13 20:09:46.000000	Submission notes for 578	\N	\N
579	MLXXXDH	2024-10-13 21:09:46.000000	Submission notes for 579	\N	\N
580	MLXXXDI	2024-10-13 22:09:46.000000	Submission notes for 580	\N	\N
581	MLXXXDJ	2024-10-13 23:09:46.000000	Submission notes for 581	\N	\N
582	MLXXXDJ	2024-10-14 00:09:46.000000	Submission notes for 582	\N	\N
583	MLXXXEA	2024-10-14 01:09:46.000000	Submission notes for 583	\N	\N
584	MLXXXEA	2024-10-14 02:09:46.000000	Submission notes for 584	\N	\N
585	MLXXXEA	2024-10-14 03:09:46.000000	Submission notes for 585	\N	\N
586	MLXXXEB	2024-10-14 04:09:46.000000	Submission notes for 586	\N	\N
587	MLXXXEB	2024-10-14 05:09:46.000000	Submission notes for 587	\N	\N
588	MLXXXEB	2024-10-14 06:09:46.000000	\N	\N	\N
589	MLXXXEC	2024-10-14 07:09:46.000000	\N	\N	\N
590	MLXXXEC	2024-10-14 08:09:46.000000	\N	\N	\N
591	MLXXXED	2024-10-14 09:09:46.000000	\N	\N	\N
592	MLXXXED	2024-10-14 10:09:46.000000	\N	\N	\N
593	MLXXXED	2024-10-14 11:09:46.000000	\N	\N	\N
594	MLXXXEE	2024-10-14 12:09:46.000000	\N	\N	\N
595	MLXXXEF	2024-10-14 13:09:46.000000	\N	\N	\N
596	MLXXXEF	2024-10-14 14:09:46.000000	\N	\N	\N
597	MLXXXEF	2024-10-14 15:09:46.000000	\N	\N	\N
598	MLXXXEG	2024-10-14 16:09:46.000000	\N	\N	\N
599	MLXXXEG	2024-10-14 17:09:46.000000	\N	\N	\N
600	MLXXXEH	2024-10-14 18:09:46.000000	\N	\N	\N
601	MLXXXEH	2024-10-14 19:09:46.000000	\N	\N	\N
602	MLXXXEH	2024-10-14 20:09:46.000000	\N	\N	\N
603	MLXXXEI	2024-10-14 21:09:46.000000	\N	\N	\N
604	MLXXXEI	2024-10-14 22:09:46.000000	\N	\N	\N
605	MLXXXEI	2024-10-14 23:09:46.000000	\N	\N	\N
606	MLXXXEJ	2024-10-15 00:09:46.000000	\N	\N	\N
607	MLXXXFA	2024-10-15 01:09:46.000000	\N	\N	\N
608	MLXXXFA	2024-10-15 02:09:46.000000	\N	\N	\N
609	MLXXXFA	2024-10-15 03:09:46.000000	\N	\N	\N
610	MLXXXFB	2024-10-15 04:09:46.000000	\N	\N	\N
611	MLXXXFB	2024-10-15 05:09:46.000000	\N	\N	\N
612	MLXXXFC	2024-10-15 06:09:46.000000	\N	\N	\N
613	MLXXXFC	2024-10-15 07:09:46.000000	\N	\N	\N
614	MLXXXFD	2024-10-15 08:09:46.000000	\N	\N	\N
615	MLXXXFD	2024-10-15 09:09:46.000000	\N	\N	\N
616	MLXXXFD	2024-10-15 10:09:46.000000	\N	\N	\N
617	MLXXXFE	2024-10-15 11:09:46.000000	\N	\N	\N
618	MLXXXFE	2024-10-15 12:09:46.000000	\N	\N	\N
619	MLXXXFF	2024-10-15 13:09:46.000000	Submission notes for 619	\N	\N
620	MLXXXFF	2024-10-15 14:09:46.000000	Submission notes for 620	\N	\N
621	MLXXXFF	2024-10-15 15:09:46.000000	Submission notes for 621	\N	\N
622	MLXXXFG	2024-10-15 16:09:46.000000	Submission notes for 622	\N	\N
623	MLXXXFG	2024-10-15 17:09:46.000000	Submission notes for 623	\N	\N
624	MLXXXFG	2024-10-15 18:09:46.000000	Submission notes for 624	\N	\N
625	MLXXXFH	2024-10-15 19:09:46.000000	Submission notes for 625	\N	\N
626	MLXXXFI	2024-10-15 20:09:46.000000	Submission notes for 626	\N	\N
627	MLXXXFJ	2024-10-15 21:09:46.000000	Submission notes for 627	\N	\N
628	MLXXXFJ	2024-10-15 22:09:46.000000	Submission notes for 628	\N	\N
629	MLXXXFJ	2024-10-15 23:09:46.000000	Submission notes for 629	\N	\N
630	DELXXAB	2024-10-16 00:09:46.000000	Submission notes for 630	\N	\N
631	DELXXAB	2024-10-16 01:09:46.000000	Submission notes for 631	\N	\N
632	DELXXAB	2024-10-16 02:09:46.000000	Submission notes for 632	\N	\N
633	DELXXAC	2024-10-16 03:09:46.000000	\N	\N	\N
634	DELXXAD	2024-10-16 04:09:46.000000	\N	\N	\N
635	DELXXAE	2024-10-16 05:09:46.000000	\N	\N	\N
636	DELXXAE	2024-10-16 06:09:46.000000	\N	\N	\N
637	DELXXAF	2024-10-16 07:09:46.000000	\N	\N	\N
638	DELXXAG	2024-10-16 08:09:46.000000	\N	\N	\N
639	DELXXAH	2024-10-16 09:09:46.000000	\N	\N	\N
640	DELXXAH	2024-10-16 10:09:46.000000	\N	\N	\N
641	DELXXAH	2024-10-16 11:09:46.000000	\N	\N	\N
642	DELXXAI	2024-10-16 12:09:46.000000	\N	\N	\N
643	DELXXAI	2024-10-16 13:09:46.000000	\N	\N	\N
644	DELXXAI	2024-10-16 14:09:46.000000	\N	\N	\N
645	DELXXAJ	2024-10-16 15:09:46.000000	\N	\N	\N
646	DELXXAJ	2024-10-16 16:09:46.000000	\N	\N	\N
647	DELXXBA	2024-10-16 17:09:46.000000	\N	\N	\N
648	DELXXBA	2024-10-16 18:09:46.000000	\N	\N	\N
654	MLXXXAA	2024-10-13 01:09:46.000000	\N	\N	\N
655	MLXXXAA	2024-10-13 01:09:46.000000	\N	\N	\N
656	MLXXXAA	2024-10-13 01:09:46.000000	\N	\N	\N
657	MLXXXAA	2024-10-13 01:09:46.000000	\N	\N	\N
658	MLXXXAA	2024-10-13 01:09:46.000000	\N	\N	\N
659	MLXXXAA	2024-10-13 01:09:46.000000	\N	\N	\N
660	MLXXXAA	2024-10-13 01:09:46.000000	\N	\N	\N
661	MLXXXAA	2024-10-13 01:09:46.000000	\N	\N	\N
662	MLXXXAA	2024-10-13 01:09:46.000000	\N	\N	\N
663	MLXXXAA	2024-10-13 01:09:46.000000	\N	\N	\N
664	MLXXXAA	2024-10-13 01:09:46.000000	\N	\N	\N
665	MLXXXAA	2024-10-13 01:09:46.000000	\N	\N	\N
666	MLXXXDH	2024-10-13 00:20:52.000000	\N	\N	\N
667	MLXXXDH	2024-10-13 00:20:53.000000	\N	\N	\N
668	MLXXXDH	2024-10-13 00:20:54.000000	\N	\N	\N
669	MLXXXDH	2024-10-13 00:20:55.000000	\N	\N	\N
670	MLXXXDH	2024-10-13 00:20:56.000000	\N	\N	\N
671	MLXXXDH	2024-10-13 00:20:57.000000	\N	\N	\N
672	MLXXXDH	2024-10-13 00:20:58.000000	\N	\N	\N
673	MLXXXDH	2024-10-13 00:20:59.000000	\N	\N	\N
674	MLXXXDH	2024-10-13 00:21:00.000000	\N	\N	\N
675	MLXXXDH	2024-10-13 00:21:01.000000	\N	\N	\N
676	MLXXXDH	2024-10-13 00:21:02.000000	\N	\N	\N
677	MLXXXDH	2024-10-13 00:21:03.000000	\N	\N	\N
678	MLXXXDH	2024-10-13 00:21:04.000000	\N	\N	\N
679	MLXXXEJ	2024-10-13 00:09:46.000000	\N	\N	\N
680	MLXXXEJ	2024-10-13 00:09:47.000000	\N	\N	\N