1	https://youtu.be/JDwNAlvz	1
1	https://youtu.be/DcNFeVto	1
3	https://dummyimage.com/250x150/9966cc/fff	0
3	https://youtu.be/lFYSQaLx	1
4	https://dummyimage.com/100x100/6699cc/000	0
4	https://youtu.be/kESPGVvN	1
4	https://youtu.be/WeKYyszX	1
5	https://dummyimage.com/850x650/339966/fff	0
5	https://youtu.be/wNXpoyRI	1
5	https://youtu.be/YfzQDSVP	1
5	https://youtu.be/svMjKWiP	1
6	https://dummyimage.com/100x100/6699cc/000	0
7	https://dummyimage.com/700x500/ff6600/fff	0
7	https://youtu.be/mONBUxhR	1
8	https://dummyimage.com/100x100/6699cc/000	0
8	https://dummyimage.com/650x450/cc00cc/fff	0
8	https://youtu.be/FBYIdMRe	1
8	https://youtu.be/fZQyYlHe	1
9	https://dummyimage.com/950x750/cc9966/fff	0
9	https://dummyimage.com/700x500/ff6600/fff	0
9	https://youtu.be/OvFJawbs	1
9	https://youtu.be/UKZdbJcT	1
9	https://youtu.be/nGJYZDpE	1
10	https://dummyimage.com/500x300/ffff00/000	0
10	https://dummyimage.com/450x350/00cccc/000	0
11	https://dummyimage.com/450x350/00cccc/000	0
11	https://dummyimage.com/800x600/ff0000/fff	0
11	https://youtu.be/GMLCoPft	1
12	https://dummyimage.com/550x350/3399ff/000	0
12	https://dummyimage.com/800x600/ff0000/fff	0
12	https://youtu.be/ezXHFZWt	1
12	https://youtu.be/bkglWiQZ	1
13	https://dummyimage.com/700x500/ff6600/fff	0
13	https://dummyimage.com/500x300/ffff00/000	0
13	https://dummyimage.com/350x250/33cc99/fff	0
13	https://youtu.be/WLebRmvY	1
13	https://youtu.be/WLebRmvY	1
13	https://youtu.be/pyNvBlHS	1
14	https://dummyimage.com/400x300/00ff00/000	0
14	https://dummyimage.com/650x450/cc00cc/fff	0
14	https://dummyimage.com/400x300/00ff00/000	0
15	https://dummyimage.com/800x600/ff0000/fff	0
15	https://dummyimage.com/400x300/00ff00/000	0
15	https://dummyimage.com/200x200/ff00ff/fff	0
15	https://youtu.be/UWKbqHap	1
16	https://dummyimage.com/150x100/ff9933/000	0
16	https://dummyimage.com/900x700/663399/fff	0
16	https://dummyimage.com/200x200/ff00ff/fff	0
16	https://youtu.be/lpiZWTSe	1
16	https://youtu.be/BZAfQqmI	1
17	https://dummyimage.com/700x500/ff6600/fff	0
17	https://dummyimage.com/800x600/ff0000/fff	0
17	https://dummyimage.com/800x600/ff0000/fff	0
17	https://youtu.be/gHcGWdFw	1
17	https://youtu.be/yAYjhWLC	1
17	https://youtu.be/DiLVSYGM	1
19	https://youtu.be/nUNeHSRX	1
20	https://youtu.be/ZdnePaqH	1
20	https://youtu.be/lwvXxuqt	1
21	https://youtu.be/gtdmzNHI	1
21	https://youtu.be/NLZPBgJR	1
21	https://youtu.be/taUfHYFZ	1
23	https://dummyimage.com/400x300/00ff00/000	0
23	https://youtu.be/vcrOeThM	1
24	https://dummyimage.com/300x250/663366/fff	0
24	https://youtu.be/MlrALyNB	1
24	https://youtu.be/NQSAyiGU	1
25	https://dummyimage.com/400x300/00ff00/000	0
25	https://youtu.be/DgHpScRa	1
25	https://youtu.be/ceMEixCP	1
25	https://youtu.be/UmDYypdK	1
26	https://dummyimage.com/750x550/996633/fff	0
27	https://dummyimage.com/450x350/00cccc/000	0
27	https://youtu.be/KERbPuTx	1
28	https://dummyimage.com/850x650/339966/fff	0
28	https://dummyimage.com/600x400/0000ff/fff	0
28	https://youtu.be/KhYLBpPF	1
28	https://youtu.be/KhYLBpPF	1
29	https://dummyimage.com/500x300/ffff00/000	0
29	https://dummyimage.com/500x400/ff6699/000	0
29	https://youtu.be/aQTcXJdl	1
29	https://youtu.be/GbEKFBWU	1
29	https://youtu.be/aQTcXJdl	1
30	https://dummyimage.com/350x250/33cc99/fff	0
30	https://dummyimage.com/550x350/3399ff/000	0
31	https://dummyimage.com/900x700/663399/fff	0
31	https://dummyimage.com/650x450/cc00cc/fff	0
31	https://youtu.be/OVEJpXPm	1
32	https://dummyimage.com/400x300/00ff00/000	0
32	https://dummyimage.com/100x100/6699cc/000	0
32	https://youtu.be/lIFwVcuM	1
32	https://youtu.be/eFWPSUkt	1
33	https://dummyimage.com/750x550/996633/fff	0
33	https://dummyimage.com/450x350/00cccc/000	0
33	https://dummyimage.com/500x300/ffff00/000	0
33	https://youtu.be/UGHJBWPx	1
33	https://youtu.be/aehJNlEG	1
33	https://youtu.be/elPxOvBr	1
34	https://dummyimage.com/200x200/ff00ff/fff	0
34	https://dummyimage.com/650x450/cc00cc/fff	0
34	https://dummyimage.com/100x100/6699cc/000	0
35	https://dummyimage.com/950x750/cc9966/fff	0
35	https://dummyimage.com/300x200/000/fff	0
35	https://dummyimage.com/300x200/000/fff	0
35	https://youtu.be/WOBhRZsK	1
36	https://dummyimage.com/450x350/00cccc/000	0
36	https://dummyimage.com/400x300/00ff00/000	0
36	https://dummyimage.com/550x350/3399ff/000	0
36	https://youtu.be/vTiClbnD	1
36	https://youtu.be/chjdOHxp	1
37	https://dummyimage.com/300x250/663366/fff	0
37	https://dummyimage.com/400x300/00ff00/000	0
37	https://dummyimage.com/700x500/ff6600/fff	0
37	https://youtu.be/vjZiUYKs	1
37	https://youtu.be/CbROkWst	1
37	https://youtu.be/nWfqHPDA	1
39	https://youtu.be/fvMwluLs	1
40	https://youtu.be/DpJdmCjg	1
40	https://youtu.be/GgpmSHyA	1
41	https://youtu.be/MTHdGzBj	1
41	https://youtu.be/yCNockIf	1
41	https://youtu.be/MTHdGzBj	1
43	https://dummyimage.com/700x500/ff6600/fff	0
43	https://youtu.be/OXhUfWyb	1
44	https://dummyimage.com/700x500/ff6600/fff	0
44	https://youtu.be/PUvbJOGI	1
44	https://youtu.be/NzmsFVlo	1
45	https://dummyimage.com/800x600/ff0000/fff	0
45	https://youtu.be/YkOgTdCn	1
45	https://youtu.be/ArPGwSnb	1
45	https://youtu.be/ArPGwSnb	1
46	https://dummyimage.com/650x450/cc00cc/fff	0
47	https://dummyimage.com/750x550/996633/fff	0
47	https://youtu.be/HtgDELsB	1
48	https://dummyimage.com/700x500/ff6600/fff	0
48	https://dummyimage.com/350x250/33cc99/fff	0
48	https://youtu.be/KVLuxyTs	1
48	https://youtu.be/MlITGgYq	1
49	https://dummyimage.com/550x350/3399ff/000	0
49	https://dummyimage.com/300x200/000/fff	0
49	https://youtu.be/nkINXTue	1
49	https://youtu.be/arWHiRqT	1
49	https://youtu.be/nkINXTue	1
50	https://dummyimage.com/800x600/ff0000/fff	0
50	https://dummyimage.com/450x350/00cccc/000	0
51	https://dummyimage.com/950x750/cc9966/fff	0
51	https://dummyimage.com/150x100/ff9933/000	0
51	https://youtu.be/zTqwJFYa	1
52	https://dummyimage.com/850x650/339966/fff	0
52	https://dummyimage.com/800x600/ff0000/fff	0
52	https://youtu.be/zEOIPTtL	1
52	https://youtu.be/qaWeLOJi	1
53	https://dummyimage.com/500x400/ff6699/000	0
53	https://dummyimage.com/200x200/ff00ff/fff	0
53	https://dummyimage.com/300x200/000/fff	0
53	https://youtu.be/PnxMKYGd	1
53	https://youtu.be/diGqnbwa	1
53	https://youtu.be/hMjldgta	1
54	https://dummyimage.com/200x200/ff00ff/fff	0
54	https://dummyimage.com/150x100/ff9933/000	0
54	https://dummyimage.com/450x350/00cccc/000	0
55	https://dummyimage.com/250x150/9966cc/fff	0
55	https://dummyimage.com/400x300/00ff00/000	0
55	https://dummyimage.com/750x550/996633/fff	0
55	https://youtu.be/mvIEkBjr	1
56	https://dummyimage.com/650x450/cc00cc/fff	0
56	https://dummyimage.com/950x750/cc9966/fff	0
56	https://dummyimage.com/100x100/6699cc/000	0
56	https://youtu.be/kpIxNDVo	1
56	https://youtu.be/EfukqQgV	1
57	https://dummyimage.com/600x400/0000ff/fff	0
57	https://dummyimage.com/850x650/339966/fff	0
57	https://dummyimage.com/550x350/3399ff/000	0
57	https://youtu.be/qwLEQfko	1
57	https://youtu.be/qwLEQfko	1
57	https://youtu.be/hzZuHlmN	1
59	https://youtu.be/odeKyDAg	1
60	https://youtu.be/LzixAVRr	1
60	https://youtu.be/EicBOnLm	1
61	https://youtu.be/zjmoSWPY	1
61	https://youtu.be/GkpSoatB	1
61	https://youtu.be/LHQBEPZM	1
63	https://dummyimage.com/100x100/6699cc/000	0
63	https://youtu.be/iOQedPLc	1
64	https://dummyimage.com/150x100/ff9933/000	0
64	https://youtu.be/MLSBzfsk	1
64	https://youtu.be/gDUNYCQp	1
65	https://dummyimage.com/150x100/ff9933/000	0
65	https://youtu.be/RVUoCfXt	1
65	https://youtu.be/OHFMTfKE	1
65	https://youtu.be/dNZzLFyk	1
66	https://dummyimage.com/500x300/ffff00/000	0
67	https://dummyimage.com/600x400/0000ff/fff	0
67	https://youtu.be/RrJUnpOH	1
68	https://dummyimage.com/650x450/cc00cc/fff	0
68	https://dummyimage.com/650x450/cc00cc/fff	0
68	https://youtu.be/jitTPpLR	1
68	https://youtu.be/uvkiGHIq	1
69	https://dummyimage.com/900x700/663399/fff	0
69	https://dummyimage.com/500x300/ffff00/000	0
69	https://youtu.be/QeyWmhRb	1
69	https://youtu.be/QeyWmhRb	1
69	https://youtu.be/VmyBLSCN	1
70	https://dummyimage.com/150x100/ff9933/000	0
70	https://dummyimage.com/200x200/ff00ff/fff	0
71	https://dummyimage.com/950x750/cc9966/fff	0
71	https://dummyimage.com/950x750/cc9966/fff	0
71	https://youtu.be/XuLJYQwy	1
72	https://dummyimage.com/600x400/0000ff/fff	0
72	https://dummyimage.com/900x700/663399/fff	0
72	https://youtu.be/wqrznxLK	1
72	https://youtu.be/TGCuDhPi	1
73	https://dummyimage.com/550x350/3399ff/000	0
73	https://dummyimage.com/150x100/ff9933/000	0
73	https://dummyimage.com/900x700/663399/fff	0
73	https://youtu.be/XwugrxBq	1
73	https://youtu.be/jmqTeBgZ	1
73	https://youtu.be/zucSBAro	1
74	https://dummyimage.com/300x200/000/fff	0
74	https://dummyimage.com/650x450/cc00cc/fff	0
74	https://dummyimage.com/550x350/3399ff/000	0
75	https://dummyimage.com/250x150/9966cc/fff	0
75	https://dummyimage.com/200x200/ff00ff/fff	0
75	https://dummyimage.com/650x450/cc00cc/fff	0
75	https://youtu.be/azjBoXIA	1
76	https://dummyimage.com/500x400/ff6699/000	0
76	https://dummyimage.com/600x400/0000ff/fff	0
76	https://dummyimage.com/350x250/33cc99/fff	0
76	https://youtu.be/vDzMIXJx	1
76	https://youtu.be/arHUYWFI	1
77	https://dummyimage.com/900x700/663399/fff	0
77	https://dummyimage.com/200x200/ff00ff/fff	0
77	https://dummyimage.com/200x200/ff00ff/fff	0
77	https://youtu.be/fpYPdQwh	1
77	https://youtu.be/fPDJQXCm	1
77	https://youtu.be/bBvqFJVA	1
79	https://youtu.be/ijCkIpoM	1
80	https://youtu.be/ztwRmgSb	1
80	https://youtu.be/FNUJnhRq	1
81	https://youtu.be/IULVKmXt	1
81	https://youtu.be/vnbCGKZI	1
81	https://youtu.be/peHaMkdQ	1
83	https://dummyimage.com/450x350/00cccc/000	0
83	https://youtu.be/sZpFxVoY	1
84	https://dummyimage.com/950x750/cc9966/fff	0
84	https://youtu.be/CImQpuPb	1
84	https://youtu.be/CImQpuPb	1
85	https://dummyimage.com/550x350/3399ff/000	0
85	https://youtu.be/FDpEQKrt	1
85	https://youtu.be/SVkeTjwR	1
85	https://youtu.be/yDEvPJVO	1
86	https://dummyimage.com/950x750/cc9966/fff	0
87	https://dummyimage.com/850x650/339966/fff	0
87	https://youtu.be/IcuVziJR	1
88	https://dummyimage.com/850x650/339966/fff	0
88	https://dummyimage.com/150x100/ff9933/000	0
88	https://youtu.be/fOWMsGJH	1
88	https://youtu.be/xSshinmu	1
89	https://dummyimage.com/150x100/ff9933/000	0
89	https://dummyimage.com/500x400/ff6699/000	0
89	https://youtu.be/wFdJMYtl	1
89	https://youtu.be/sloGrRUy	1
89	https://youtu.be/jnyrmafv	1
90	https://dummyimage.com/500x300/ffff00/000	0
90	https://dummyimage.com/700x500/ff6600/fff	0
91	https://dummyimage.com/550x350/3399ff/000	0
91	https://dummyimage.com/200x200/ff00ff/fff	0
91	https://youtu.be/BzfZtgpd	1
92	https://dummyimage.com/700x500/ff6600/fff	0
92	https://dummyimage.com/650x450/cc00cc/fff	0
92	https://youtu.be/byLzPJlm	1
92	https://youtu.be/lwRjmYQL	1
93	https://dummyimage.com/450x350/00cccc/000	0
93	https://dummyimage.com/450x350/00cccc/000	0
93	https://dummyimage.com/500x400/ff6699/000	0
93	https://youtu.be/sqpHhDLN	1
93	https://youtu.be/vVRKNknf	1
93	https://youtu.be/vVRKNknf	1
94	https://dummyimage.com/450x350/00cccc/000	0
94	https://dummyimage.com/450x350/00cccc/000	0
94	https://dummyimage.com/500x400/ff6699/000	0
95	https://dummyimage.com/100x100/6699cc/000	0
95	https://dummyimage.com/300x200/000/fff	0
95	https://dummyimage.com/500x300/ffff00/000	0
95	https://youtu.be/wNOLEaKF	1
96	https://dummyimage.com/800x600/ff0000/fff	0
96	https://dummyimage.com/450x350/00cccc/000	0
96	https://dummyimage.com/750x550/996633/fff	0
96	https://youtu.be/EGCWQqXI	1
96	https://youtu.be/SjMyduXe	1
97	https://dummyimage.com/750x550/996633/fff	0
97	https://dummyimage.com/700x500/ff6600/fff	0
97	https://dummyimage.com/850x650/339966/fff	0
97	https://youtu.be/sYBfiwFL	1
97	https://youtu.be/hTemdQUM	1
97	https://youtu.be/CDLFWHdV	1
99	https://youtu.be/QLzeHEJd	1
100	https://youtu.be/ZcQPOlzN	1
100	https://youtu.be/wmZULDjQ	1
101	https://youtu.be/OeYVzJny	1
101	https://youtu.be/zOKavHqy	1
101	https://youtu.be/mlCDUzZS	1
103	https://dummyimage.com/700x500/ff6600/fff	0
103	https://youtu.be/NyfeptYJ	1
104	https://dummyimage.com/550x350/3399ff/000	0
104	https://youtu.be/MwHghnaD	1
104	https://youtu.be/CWdDbLlR	1
105	https://dummyimage.com/150x100/ff9933/000	0
105	https://youtu.be/FnekutCU	1
105	https://youtu.be/RidvoQHP	1
105	https://youtu.be/AzTIwCWc	1
106	https://dummyimage.com/350x250/33cc99/fff	0
107	https://dummyimage.com/850x650/339966/fff	0
107	https://youtu.be/YRgtwshH	1
108	https://dummyimage.com/950x750/cc9966/fff	0
108	https://dummyimage.com/600x400/0000ff/fff	0
108	https://youtu.be/iTvdQzJs	1
108	https://youtu.be/EvzpMkyL	1
109	https://dummyimage.com/300x200/000/fff	0
109	https://dummyimage.com/200x200/ff00ff/fff	0
109	https://youtu.be/ymvLElnZ	1
109	https://youtu.be/fSiEOYzb	1
109	https://youtu.be/ymvLElnZ	1
110	https://dummyimage.com/300x200/000/fff	0
110	https://dummyimage.com/550x350/3399ff/000	0
111	https://dummyimage.com/700x500/ff6600/fff	0
111	https://dummyimage.com/700x500/ff6600/fff	0
111	https://youtu.be/cGLxRinM	1
112	https://dummyimage.com/700x500/ff6600/fff	0
112	https://dummyimage.com/350x250/33cc99/fff	0
112	https://youtu.be/SMwRlxbP	1
112	https://youtu.be/VWNwymnX	1
113	https://dummyimage.com/850x650/339966/fff	0
113	https://dummyimage.com/500x300/ffff00/000	0
113	https://dummyimage.com/200x200/ff00ff/fff	0
113	https://youtu.be/KVQNJicO	1
113	https://youtu.be/yHxPYlIA	1
113	https://youtu.be/FhfBxkWD	1
114	https://dummyimage.com/650x450/cc00cc/fff	0
114	https://dummyimage.com/550x350/3399ff/000	0
114	https://dummyimage.com/500x300/ffff00/000	0
115	https://dummyimage.com/150x100/ff9933/000	0
115	https://dummyimage.com/300x200/000/fff	0
115	https://dummyimage.com/150x100/ff9933/000	0
115	https://youtu.be/rlVaUZQN	1
116	https://dummyimage.com/700x500/ff6600/fff	0
116	https://dummyimage.com/800x600/ff0000/fff	0
116	https://dummyimage.com/750x550/996633/fff	0
116	https://youtu.be/pUwzcLBW	1
116	https://youtu.be/lAfCoVBT	1
117	https://dummyimage.com/850x650/339966/fff	0
117	https://dummyimage.com/950x750/cc9966/fff	0
117	https://dummyimage.com/300x200/000/fff	0
117	https://youtu.be/zOEufSJg	1
117	https://youtu.be/EDaHxyqi	1
117	https://youtu.be/NgPDmQhL	1
119	https://youtu.be/ZxGlTeyX	1
120	https://youtu.be/tvNeFgxP	1
120	https://youtu.be/wBgHsyuL	1
121	https://youtu.be/jiBTIZgu	1
121	https://youtu.be/jiBTIZgu	1
121	https://youtu.be/gzWDYFoy	1
122	https://dummyimage.com/300x250/663366/fff	0
122	https://youtu.be/LXKiHwnO	1
123	https://dummyimage.com/500x400/ff6699/000	0
123	https://youtu.be/DVNLYsvt	1
123	https://youtu.be/DVNLYsvt	1
124	https://dummyimage.com/450x350/00cccc/000	0
124	https://youtu.be/eRkHBXZp	1
124	https://youtu.be/TNKueomq	1
124	https://youtu.be/kPtRWTsJ	1
125	https://dummyimage.com/750x550/996633/fff	0
126	https://dummyimage.com/700x500/ff6600/fff	0
126	https://youtu.be/ukgOfWea	1
127	https://dummyimage.com/350x250/33cc99/fff	0
127	https://dummyimage.com/350x250/33cc99/fff	0
127	https://youtu.be/PSEUpbvj	1
127	https://youtu.be/lGfOcBNE	1
127	https://youtu.be/zensRkFW	1
128	https://dummyimage.com/450x350/00cccc/000	0
128	https://dummyimage.com/500x300/ffff00/000	0
129	https://dummyimage.com/200x200/ff00ff/fff	0
129	https://dummyimage.com/950x750/cc9966/fff	0
129	https://youtu.be/lEtvzhiD	1
130	https://dummyimage.com/400x300/00ff00/000	0
130	https://dummyimage.com/300x250/663366/fff	0
130	https://youtu.be/vAzaHRsK	1
130	https://youtu.be/jZnzBpIM	1
131	https://dummyimage.com/850x650/339966/fff	0
131	https://dummyimage.com/900x700/663399/fff	0
131	https://dummyimage.com/150x100/ff9933/000	0
131	https://youtu.be/OXRvLBWe	1
131	https://youtu.be/xtUQzhBC	1
131	https://youtu.be/OXRvLBWe	1
132	https://dummyimage.com/200x200/ff00ff/fff	0
132	https://dummyimage.com/700x500/ff6600/fff	0
132	https://dummyimage.com/450x350/00cccc/000	0
133	https://dummyimage.com/700x500/ff6600/fff	0
133	https://dummyimage.com/950x750/cc9966/fff	0
133	https://dummyimage.com/450x350/00cccc/000	0
133	https://youtu.be/xcNMIZbf	1
133	https://youtu.be/MJcFlgpE	1
134	https://dummyimage.com/950x750/cc9966/fff	0
134	https://dummyimage.com/100x100/6699cc/000	0
134	https://dummyimage.com/100x100/6699cc/000	0
134	https://youtu.be/wvBNfbMG	1
134	https://youtu.be/boSXxqrJ	1
134	https://youtu.be/TkynKCib	1
136	https://youtu.be/rBKIULeS	1
136	https://youtu.be/elVrQXjR	1
137	https://youtu.be/PHXviRpI	1
137	https://youtu.be/ATrwIeXy	1
137	https://youtu.be/ATrwIeXy	1
139	https://dummyimage.com/250x150/9966cc/fff	0
139	https://youtu.be/FtjVIpqz	1
139	https://youtu.be/eFSoWdat	1
140	https://dummyimage.com/200x200/ff00ff/fff	0
140	https://youtu.be/ZaJGsRDl	1
140	https://youtu.be/tZNelqpz	1
140	https://youtu.be/dWqMrRsD	1
141	https://dummyimage.com/850x650/339966/fff	0
142	https://dummyimage.com/750x550/996633/fff	0
142	https://youtu.be/PKhdwJfQ	1
143	https://dummyimage.com/700x500/ff6600/fff	0
143	https://dummyimage.com/550x350/3399ff/000	0
143	https://youtu.be/mtDKFzXp	1
143	https://youtu.be/mtDKFzXp	1
144	https://dummyimage.com/100x100/6699cc/000	0
144	https://dummyimage.com/150x100/ff9933/000	0
144	https://youtu.be/zydXZLtU	1
144	https://youtu.be/tTnIAKVR	1
144	https://youtu.be/HzSCUpkd	1
145	https://dummyimage.com/600x400/0000ff/fff	0
145	https://dummyimage.com/300x250/663366/fff	0
146	https://dummyimage.com/400x300/00ff00/000	0
146	https://dummyimage.com/350x250/33cc99/fff	0
146	https://youtu.be/LFcMWkpm	1
146	https://youtu.be/ekwFgVBd	1
147	https://dummyimage.com/900x700/663399/fff	0
147	https://dummyimage.com/700x500/ff6600/fff	0
147	https://dummyimage.com/500x300/ffff00/000	0
147	https://youtu.be/vGtUWwnh	1
147	https://youtu.be/UJKlVRrq	1
147	https://youtu.be/UJKlVRrq	1
148	https://dummyimage.com/750x550/996633/fff	0
148	https://dummyimage.com/200x200/ff00ff/fff	0
148	https://dummyimage.com/600x400/0000ff/fff	0
149	https://dummyimage.com/850x650/339966/fff	0
149	https://dummyimage.com/250x150/9966cc/fff	0
149	https://dummyimage.com/550x350/3399ff/000	0
149	https://youtu.be/ILTsQUMj	1
150	https://dummyimage.com/650x450/cc00cc/fff	0
150	https://dummyimage.com/600x400/0000ff/fff	0
150	https://dummyimage.com/900x700/663399/fff	0
150	https://youtu.be/YwhSTkZa	1
150	https://youtu.be/QtWwklxb	1
150	https://youtu.be/LCHolsGm	1
151	https://youtu.be/pRfCPVTs	1
152	https://youtu.be/CyYHfOIo	1
152	https://youtu.be/dANjQWYM	1
153	https://youtu.be/SkYCEzZy	1
153	https://youtu.be/YlLgIdia	1
153	https://youtu.be/JtwpIHne	1
155	https://dummyimage.com/950x750/cc9966/fff	0
155	https://youtu.be/ZAHuRtSK	1
156	https://dummyimage.com/500x300/ffff00/000	0
156	https://youtu.be/oJmLupyD	1
156	https://youtu.be/ATBEFVNw	1
157	https://dummyimage.com/500x300/ffff00/000	0
157	https://youtu.be/SWzoTlmr	1
157	https://youtu.be/rWYDJNFo	1
157	https://youtu.be/BEgQpjYD	1
158	https://dummyimage.com/200x200/ff00ff/fff	0
159	https://dummyimage.com/450x350/00cccc/000	0
159	https://youtu.be/pihCEQla	1
160	https://dummyimage.com/500x400/ff6699/000	0
160	https://dummyimage.com/900x700/663399/fff	0
160	https://youtu.be/LdkGMKQm	1
160	https://youtu.be/eshVXpDY	1
160	https://youtu.be/LdkGMKQm	1
161	https://dummyimage.com/400x300/00ff00/000	0
161	https://dummyimage.com/700x500/ff6600/fff	0
162	https://dummyimage.com/400x300/00ff00/000	0
162	https://dummyimage.com/600x400/0000ff/fff	0
162	https://youtu.be/TeiLFfWx	1
163	https://dummyimage.com/900x700/663399/fff	0
163	https://dummyimage.com/400x300/00ff00/000	0
163	https://youtu.be/UCMfBpek	1
163	https://youtu.be/aIFZDcTd	1
164	https://dummyimage.com/650x450/cc00cc/fff	0
164	https://dummyimage.com/400x300/00ff00/000	0
164	https://dummyimage.com/850x650/339966/fff	0
164	https://youtu.be/UGHiyJfM	1
164	https://youtu.be/JCztejIF	1
164	https://youtu.be/JCztejIF	1
165	https://dummyimage.com/850x650/339966/fff	0
165	https://dummyimage.com/850x650/339966/fff	0
165	https://dummyimage.com/450x350/00cccc/000	0
166	https://dummyimage.com/700x500/ff6600/fff	0
166	https://dummyimage.com/700x500/ff6600/fff	0
166	https://dummyimage.com/900x700/663399/fff	0
166	https://youtu.be/mLNfWaRw	1
167	https://dummyimage.com/300x200/000/fff	0
167	https://dummyimage.com/900x700/663399/fff	0
167	https://dummyimage.com/550x350/3399ff/000	0
167	https://youtu.be/ILQHucpe	1
167	https://youtu.be/kCQVFuAt	1
167	https://youtu.be/stDoIdzW	1
169	https://youtu.be/EWqwBUAc	1
170	https://youtu.be/CpMcEsSK	1
170	https://youtu.be/LJmPwZpY	1
170	https://youtu.be/wBzInvhL	1
172	https://dummyimage.com/300x200/000/fff	0
172	https://youtu.be/htdYPsGw	1
173	https://dummyimage.com/500x400/ff6699/000	0
173	https://youtu.be/GXOgaqLU	1
173	https://youtu.be/GJvyoLPN	1
174	https://dummyimage.com/850x650/339966/fff	0
174	https://youtu.be/jVMfdgvF	1
174	https://youtu.be/QlpENRFI	1
174	https://youtu.be/zpSXlkDJ	1
175	https://dummyimage.com/800x600/ff0000/fff	0
176	https://dummyimage.com/250x150/9966cc/fff	0
176	https://youtu.be/UTJLqnoi	1
177	https://dummyimage.com/700x500/ff6600/fff	0
177	https://dummyimage.com/650x450/cc00cc/fff	0
177	https://youtu.be/jxeDnJfl	1
177	https://youtu.be/pvjEKZRC	1
177	https://youtu.be/FTACwxvl	1
178	https://dummyimage.com/250x150/9966cc/fff	0
178	https://dummyimage.com/950x750/cc9966/fff	0
179	https://dummyimage.com/300x200/000/fff	0
179	https://dummyimage.com/500x400/ff6699/000	0
179	https://youtu.be/wlaGHYeq	1
180	https://dummyimage.com/950x750/cc9966/fff	0
180	https://dummyimage.com/350x250/33cc99/fff	0
180	https://youtu.be/eJbKFXLY	1
180	https://youtu.be/eJbKFXLY	1
181	https://dummyimage.com/950x750/cc9966/fff	0
181	https://dummyimage.com/400x300/00ff00/000	0
181	https://dummyimage.com/100x100/6699cc/000	0
181	https://youtu.be/cpvCatMo	1
181	https://youtu.be/cpvCatMo	1
181	https://youtu.be/NiWLRVfu	1
182	https://dummyimage.com/100x100/6699cc/000	0
182	https://dummyimage.com/400x300/00ff00/000	0
182	https://dummyimage.com/200x200/ff00ff/fff	0
182	https://youtu.be/sTkbRaYZ	1
183	https://dummyimage.com/550x350/3399ff/000	0
183	https://dummyimage.com/400x300/00ff00/000	0
183	https://dummyimage.com/300x200/000/fff	0
183	https://youtu.be/UObpVcIk	1
183	https://youtu.be/PhTECLjv	1
184	https://dummyimage.com/700x500/ff6600/fff	0
184	https://dummyimage.com/900x700/663399/fff	0
184	https://dummyimage.com/500x400/ff6699/000	0
184	https://youtu.be/bUjLSBwQ	1
184	https://youtu.be/keUiwMGI	1
184	https://youtu.be/keUiwMGI	1
186	https://youtu.be/dUghHPoY	1
186	https://youtu.be/bXdJGjyE	1
187	https://youtu.be/ZqhwOIsG	1
187	https://youtu.be/eNbiMzct	1
187	https://youtu.be/wVxszoqT	1
189	https://dummyimage.com/500x400/ff6699/000	0
189	https://youtu.be/xBwDROXW	1
190	https://dummyimage.com/900x700/663399/fff	0
190	https://youtu.be/sFevVghn	1
190	https://youtu.be/LxAiErpW	1
191	https://dummyimage.com/900x700/663399/fff	0
192	https://dummyimage.com/150x100/ff9933/000	0
192	https://youtu.be/fenYjlJP	1
193	https://dummyimage.com/850x650/339966/fff	0
193	https://dummyimage.com/900x700/663399/fff	0
193	https://youtu.be/uXrnUqEA	1
193	https://youtu.be/hJqMpxuj	1
193	https://youtu.be/cDdeHTJa	1
194	https://dummyimage.com/950x750/cc9966/fff	0
194	https://dummyimage.com/750x550/996633/fff	0
195	https://dummyimage.com/350x250/33cc99/fff	0
195	https://dummyimage.com/250x150/9966cc/fff	0
195	https://youtu.be/MTfoePpm	1
196	https://dummyimage.com/100x100/6699cc/000	0
196	https://dummyimage.com/750x550/996633/fff	0
196	https://youtu.be/BTRnDCds	1
196	https://youtu.be/jpstxNJB	1
197	https://dummyimage.com/800x600/ff0000/fff	0
197	https://dummyimage.com/600x400/0000ff/fff	0
197	https://dummyimage.com/100x100/6699cc/000	0
197	https://youtu.be/dethxfvb	1
197	https://youtu.be/bPnGNVJL	1
197	https://youtu.be/GpwHBdJz	1
198	https://dummyimage.com/250x150/9966cc/fff	0
198	https://dummyimage.com/400x300/00ff00/000	0
198	https://dummyimage.com/300x200/000/fff	0
199	https://dummyimage.com/400x300/00ff00/000	0
199	https://dummyimage.com/750x550/996633/fff	0
199	https://dummyimage.com/250x150/9966cc/fff	0
199	https://youtu.be/LrCzqPWT	1
200	https://dummyimage.com/200x200/ff00ff/fff	0
200	https://dummyimage.com/500x400/ff6699/000	0
200	https://dummyimage.com/600x400/0000ff/fff	0
200	https://youtu.be/lLoxivhA	1
200	https://youtu.be/CDWGhpws	1
200	https://youtu.be/dPEJZexk	1
202	https://youtu.be/wvmPVXeD	1
202	https://youtu.be/AoVMzvcG	1
203	https://youtu.be/rNvQpywW	1
203	https://youtu.be/smWQBatT	1
203	https://youtu.be/rNvQpywW	1
205	https://dummyimage.com/700x500/ff6600/fff	0
205	https://youtu.be/jBhGYPAd	1
206	https://dummyimage.com/300x200/000/fff	0
206	https://youtu.be/uEzavqfh	1
206	https://youtu.be/oqvFcuTW	1
206	https://youtu.be/DCrWSIXs	1
207	https://dummyimage.com/400x300/00ff00/000	0
208	https://dummyimage.com/500x300/ffff00/000	0
208	https://youtu.be/NxwySoar	1
209	https://dummyimage.com/400x300/00ff00/000	0
209	https://dummyimage.com/800x600/ff0000/fff	0
209	https://youtu.be/pjZkyoiN	1
209	https://youtu.be/WfZujDgE	1
210	https://dummyimage.com/600x400/0000ff/fff	0
210	https://dummyimage.com/800x600/ff0000/fff	0
210	https://youtu.be/CDwjuHrq	1
210	https://youtu.be/tYzRNeUE	1
210	https://youtu.be/mkWqsDtc	1
211	https://dummyimage.com/150x100/ff9933/000	0
211	https://dummyimage.com/250x150/9966cc/fff	0
212	https://dummyimage.com/900x700/663399/fff	0
212	https://dummyimage.com/400x300/00ff00/000	0
212	https://youtu.be/loVMcafd	1
213	https://dummyimage.com/100x100/6699cc/000	0
213	https://dummyimage.com/500x400/ff6699/000	0
213	https://youtu.be/GJDIijKP	1
213	https://youtu.be/bfmhYzeZ	1
214	https://dummyimage.com/550x350/3399ff/000	0
214	https://dummyimage.com/500x400/ff6699/000	0
214	https://dummyimage.com/300x200/000/fff	0
215	https://dummyimage.com/500x400/ff6699/000	0
215	https://dummyimage.com/700x500/ff6600/fff	0
215	https://dummyimage.com/300x250/663366/fff	0
215	https://youtu.be/JDKtINmX	1
216	https://dummyimage.com/750x550/996633/fff	0
216	https://dummyimage.com/450x350/00cccc/000	0
216	https://dummyimage.com/450x350/00cccc/000	0
216	https://youtu.be/htpaAQLX	1
216	https://youtu.be/ClvBEYgj	1
217	https://dummyimage.com/100x100/6699cc/000	0
217	https://dummyimage.com/700x500/ff6600/fff	0
217	https://dummyimage.com/400x300/00ff00/000	0
217	https://youtu.be/ejIFUCoR	1
217	https://youtu.be/RxHbgwfv	1
217	https://youtu.be/uOIKvyjP	1
219	https://youtu.be/skxIXNoF	1
219	https://youtu.be/veMcnFpb	1
220	https://youtu.be/BqoXtVev	1
220	https://youtu.be/fFGYAZUL	1
220	https://youtu.be/KatEhIvU	1
222	https://dummyimage.com/350x250/33cc99/fff	0
222	https://youtu.be/ItmjuiUZ	1
223	https://dummyimage.com/300x200/000/fff	0
223	https://youtu.be/WYkzyGBt	1
223	https://youtu.be/dDacTCNf	1
224	https://dummyimage.com/850x650/339966/fff	0
224	https://youtu.be/VXLdutJK	1
224	https://youtu.be/inHMJRGh	1
224	https://youtu.be/LMGnbvjE	1
225	https://dummyimage.com/200x200/ff00ff/fff	0
226	https://dummyimage.com/900x700/663399/fff	0
226	https://youtu.be/AjDlEVpn	1
227	https://dummyimage.com/300x250/663366/fff	0
227	https://dummyimage.com/400x300/00ff00/000	0
227	https://youtu.be/CafrosHg	1
227	https://youtu.be/IbKdFjwV	1
228	https://dummyimage.com/700x500/ff6600/fff	0
228	https://dummyimage.com/800x600/ff0000/fff	0
229	https://dummyimage.com/150x100/ff9933/000	0
229	https://dummyimage.com/150x100/ff9933/000	0
229	https://youtu.be/DXbomMGl	1
230	https://dummyimage.com/650x450/cc00cc/fff	0
230	https://dummyimage.com/750x550/996633/fff	0
230	https://youtu.be/rkXDLyez	1
230	https://youtu.be/rbZRTOEL	1
231	https://dummyimage.com/750x550/996633/fff	0
231	https://dummyimage.com/950x750/cc9966/fff	0
231	https://dummyimage.com/500x300/ffff00/000	0
232	https://dummyimage.com/850x650/339966/fff	0
232	https://dummyimage.com/100x100/6699cc/000	0
232	https://dummyimage.com/400x300/00ff00/000	0
232	https://youtu.be/kMumYxpg	1
233	https://dummyimage.com/300x250/663366/fff	0
233	https://dummyimage.com/300x200/000/fff	0
233	https://dummyimage.com/500x300/ffff00/000	0
233	https://youtu.be/mnwrakNO	1
233	https://youtu.be/lkYqhSnf	1
234	https://dummyimage.com/800x600/ff0000/fff	0
234	https://dummyimage.com/350x250/33cc99/fff	0
234	https://dummyimage.com/300x250/663366/fff	0
234	https://youtu.be/njzVFWvu	1
234	https://youtu.be/SckVwIxy	1
234	https://youtu.be/OTtjYKze	1
236	https://youtu.be/gWsHbEiK	1
236	https://youtu.be/SDGBWdtJ	1
237	https://youtu.be/WLJdufUX	1
237	https://youtu.be/QXnqhmrt	1
237	https://youtu.be/lKBndyLj	1
239	https://dummyimage.com/750x550/996633/fff	0
239	https://youtu.be/ofFIBsOE	1
240	https://dummyimage.com/500x400/ff6699/000	0
240	https://youtu.be/vYprZitO	1
240	https://youtu.be/FPvomCQS	1
241	https://dummyimage.com/200x200/ff00ff/fff	0
241	https://youtu.be/qNrGMzBJ	1
241	https://youtu.be/GsdXgCWO	1
241	https://youtu.be/MBYXftGn	1
242	https://dummyimage.com/200x200/ff00ff/fff	0
243	https://dummyimage.com/950x750/cc9966/fff	0
243	https://youtu.be/vzOTxpCW	1
244	https://dummyimage.com/650x450/cc00cc/fff	0
244	https://dummyimage.com/150x100/ff9933/000	0
244	https://youtu.be/TYzEbidI	1
244	https://youtu.be/ledhgsXb	1
244	https://youtu.be/AMlufIzV	1
245	https://dummyimage.com/600x400/0000ff/fff	0
245	https://dummyimage.com/200x200/ff00ff/fff	0
246	https://dummyimage.com/650x450/cc00cc/fff	0
246	https://dummyimage.com/450x350/00cccc/000	0
246	https://youtu.be/CFzNHtED	1
247	https://dummyimage.com/850x650/339966/fff	0
247	https://dummyimage.com/500x300/ffff00/000	0
247	https://youtu.be/OMmHscrW	1
247	https://youtu.be/WnSKmBic	1
248	https://dummyimage.com/150x100/ff9933/000	0
248	https://dummyimage.com/300x200/000/fff	0
248	https://dummyimage.com/300x250/663366/fff	0
248	https://youtu.be/QmvaqTdu	1
248	https://youtu.be/rCEWKXgl	1
248	https://youtu.be/BbEAiTHU	1
249	https://dummyimage.com/300x250/663366/fff	0
249	https://dummyimage.com/500x400/ff6699/000	0
249	https://dummyimage.com/900x700/663399/fff	0
250	https://dummyimage.com/300x250/663366/fff	0
250	https://dummyimage.com/450x350/00cccc/000	0
250	https://dummyimage.com/300x250/663366/fff	0
250	https://youtu.be/CjpDiRyP	1
251	https://dummyimage.com/300x200/000/fff	0
251	https://dummyimage.com/500x300/ffff00/000	0
251	https://dummyimage.com/700x500/ff6600/fff	0
251	https://youtu.be/dvJlWZTx	1
251	https://youtu.be/UBIhKyES	1
252	https://dummyimage.com/600x400/0000ff/fff	0
252	https://dummyimage.com/400x300/00ff00/000	0
252	https://dummyimage.com/300x250/663366/fff	0
252	https://youtu.be/TFdVRYQa	1
252	https://youtu.be/GxDZBYFT	1
252	https://youtu.be/fzRkScWT	1
253	https://youtu.be/NDfwiqST	1
254	https://youtu.be/NdWqnlQw	1
254	https://youtu.be/qxwPhfWv	1
255	https://youtu.be/GuwlJHZY	1
255	https://youtu.be/NSQqYlwW	1
255	https://youtu.be/NSQqYlwW	1
257	https://dummyimage.com/850x650/339966/fff	0
257	https://youtu.be/krTGvudm	1
258	https://dummyimage.com/500x400/ff6699/000	0
258	https://youtu.be/sXRwxjSZ	1
258	https://youtu.be/gKPqsQtZ	1
259	https://dummyimage.com/500x300/ffff00/000	0
259	https://youtu.be/TOsRLKte	1
259	https://youtu.be/WLUtORCi	1
259	https://youtu.be/WLUtORCi	1
260	https://dummyimage.com/700x500/ff6600/fff	0
261	https://dummyimage.com/600x400/0000ff/fff	0
261	https://youtu.be/ySJdUtue	1
262	https://dummyimage.com/700x500/ff6600/fff	0
262	https://dummyimage.com/300x250/663366/fff	0
262	https://youtu.be/mcfoZjEi	1
262	https://youtu.be/mcfoZjEi	1
263	https://dummyimage.com/100x100/6699cc/000	0
263	https://dummyimage.com/500x400/ff6699/000	0
264	https://dummyimage.com/300x200/000/fff	0
264	https://dummyimage.com/900x700/663399/fff	0
264	https://youtu.be/HzcJpkCW	1
265	https://dummyimage.com/650x450/cc00cc/fff	0
265	https://dummyimage.com/300x250/663366/fff	0
265	https://youtu.be/wCeFLDMS	1
265	https://youtu.be/oCeHlyhX	1
266	https://dummyimage.com/900x700/663399/fff	0
266	https://dummyimage.com/600x400/0000ff/fff	0
266	https://dummyimage.com/250x150/9966cc/fff	0
266	https://youtu.be/CZhxnkIo	1
266	https://youtu.be/JEoUrcsw	1
266	https://youtu.be/JEoUrcsw	1
267	https://dummyimage.com/300x250/663366/fff	0
267	https://dummyimage.com/400x300/00ff00/000	0
267	https://dummyimage.com/500x400/ff6699/000	0
268	https://dummyimage.com/950x750/cc9966/fff	0
268	https://dummyimage.com/800x600/ff0000/fff	0
268	https://dummyimage.com/450x350/00cccc/000	0
268	https://youtu.be/mbPvSZuK	1
269	https://dummyimage.com/700x500/ff6600/fff	0
269	https://dummyimage.com/500x400/ff6699/000	0
269	https://dummyimage.com/250x150/9966cc/fff	0
269	https://youtu.be/DkrRwfKO	1
269	https://youtu.be/WngwAkXN	1
270	https://dummyimage.com/750x550/996633/fff	0
270	https://dummyimage.com/350x250/33cc99/fff	0
270	https://dummyimage.com/350x250/33cc99/fff	0
270	https://youtu.be/tTWnGlxk	1
270	https://youtu.be/uIXJEFKn	1
270	https://youtu.be/QnXMeyGv	1
272	https://youtu.be/CDpoUqdn	1
272	https://youtu.be/XbQBlDqF	1
273	https://youtu.be/CBtJpXTr	1
273	https://youtu.be/LdFMHuUV	1
273	https://youtu.be/JKVbEFoa	1
275	https://dummyimage.com/250x150/9966cc/fff	0
275	https://youtu.be/yhKNcZks	1
276	https://dummyimage.com/850x650/339966/fff	0
276	https://youtu.be/UWoGtFQl	1
276	https://youtu.be/zFQZVLtk	1
277	https://dummyimage.com/500x400/ff6699/000	0
277	https://youtu.be/ZfNGDIEt	1
277	https://youtu.be/vHzNVqlu	1
277	https://youtu.be/bEHCknhB	1
278	https://dummyimage.com/200x200/ff00ff/fff	0
279	https://dummyimage.com/900x700/663399/fff	0
279	https://youtu.be/WFrgauoI	1
280	https://dummyimage.com/250x150/9966cc/fff	0
280	https://dummyimage.com/750x550/996633/fff	0
280	https://youtu.be/gYNOkuCm	1
280	https://youtu.be/bBOMghvT	1
281	https://dummyimage.com/700x500/ff6600/fff	0
281	https://dummyimage.com/850x650/339966/fff	0
282	https://dummyimage.com/500x400/ff6699/000	0
282	https://dummyimage.com/500x400/ff6699/000	0
282	https://youtu.be/kmVoxXYe	1
283	https://dummyimage.com/950x750/cc9966/fff	0
283	https://dummyimage.com/500x300/ffff00/000	0
283	https://youtu.be/eZkGOTMm	1
283	https://youtu.be/eZkGOTMm	1
284	https://dummyimage.com/300x200/000/fff	0
284	https://dummyimage.com/400x300/00ff00/000	0
284	https://dummyimage.com/350x250/33cc99/fff	0
284	https://youtu.be/VBwAhRCF	1
284	https://youtu.be/FGBXzDir	1
284	https://youtu.be/rqOtRjZX	1
285	https://dummyimage.com/150x100/ff9933/000	0
285	https://dummyimage.com/500x400/ff6699/000	0
285	https://dummyimage.com/850x650/339966/fff	0
286	https://dummyimage.com/600x400/0000ff/fff	0
286	https://dummyimage.com/150x100/ff9933/000	0
286	https://dummyimage.com/150x100/ff9933/000	0
286	https://youtu.be/LjxYlRGh	1
287	https://dummyimage.com/300x250/663366/fff	0
287	https://dummyimage.com/300x250/663366/fff	0
287	https://dummyimage.com/700x500/ff6600/fff	0
287	https://youtu.be/tZafvGkc	1
287	https://youtu.be/QCOXaPHe	1
288	https://dummyimage.com/750x550/996633/fff	0
288	https://dummyimage.com/250x150/9966cc/fff	0
288	https://dummyimage.com/950x750/cc9966/fff	0
288	https://youtu.be/XbPncyKS	1
288	https://youtu.be/zCUwiBfJ	1
288	https://youtu.be/XbPncyKS	1
290	https://youtu.be/daHYIcQg	1
292	https://dummyimage.com/100x100/6699cc/000	0
292	https://youtu.be/VUTSlDAK	1
293	https://dummyimage.com/500x400/ff6699/000	0
293	https://youtu.be/bRhdIPlE	1
293	https://youtu.be/apugYeZc	1
294	https://dummyimage.com/500x400/ff6699/000	0
294	https://youtu.be/RvebVBmi	1
294	https://youtu.be/phldVIak	1
294	https://youtu.be/RvebVBmi	1
295	https://dummyimage.com/500x300/ffff00/000	0
296	https://dummyimage.com/500x300/ffff00/000	0
296	https://youtu.be/SqdAwemc	1
297	https://dummyimage.com/750x550/996633/fff	0
297	https://dummyimage.com/550x350/3399ff/000	0
297	https://youtu.be/kvzQbxVM	1
297	https://youtu.be/cIgiohGR	1
298	https://dummyimage.com/300x250/663366/fff	0
298	https://dummyimage.com/300x250/663366/fff	0
298	https://youtu.be/UeOYvRWM	1
298	https://youtu.be/ZLYDPTwg	1
298	https://youtu.be/ZLYDPTwg	1
299	https://dummyimage.com/300x200/000/fff	0
299	https://dummyimage.com/650x450/cc00cc/fff	0
300	https://dummyimage.com/150x100/ff9933/000	0
300	https://dummyimage.com/300x200/000/fff	0
300	https://youtu.be/gxlBQuPY	1
301	https://dummyimage.com/250x150/9966cc/fff	0
301	https://dummyimage.com/750x550/996633/fff	0
301	https://dummyimage.com/850x650/339966/fff	0
301	https://youtu.be/idPukcXZ	1
301	https://youtu.be/pYKguyPz	1
301	https://youtu.be/SXGcoKkn	1
302	https://dummyimage.com/900x700/663399/fff	0
302	https://dummyimage.com/650x450/cc00cc/fff	0
302	https://dummyimage.com/150x100/ff9933/000	0
303	https://dummyimage.com/700x500/ff6600/fff	0
303	https://dummyimage.com/100x100/6699cc/000	0
303	https://dummyimage.com/800x600/ff0000/fff	0
303	https://youtu.be/SbnKGWsD	1
303	https://youtu.be/VGrfMSyl	1
304	https://dummyimage.com/650x450/cc00cc/fff	0
304	https://dummyimage.com/100x100/6699cc/000	0
304	https://dummyimage.com/300x250/663366/fff	0
304	https://youtu.be/npzSKdhT	1
304	https://youtu.be/iUalmujH	1
304	https://youtu.be/iUalmujH	1
305	https://youtu.be/oQvWJueG	1
306	https://youtu.be/anZSEvub	1
306	https://youtu.be/igGFoChT	1
307	https://youtu.be/TEusfwKj	1
307	https://youtu.be/efdspZUa	1
307	https://youtu.be/KWnuDhyz	1
309	https://dummyimage.com/200x200/ff00ff/fff	0
309	https://youtu.be/CYpJfnbq	1
310	https://dummyimage.com/450x350/00cccc/000	0
310	https://youtu.be/bYMlVjfI	1
310	https://youtu.be/aWDjbNcH	1
311	https://dummyimage.com/100x100/6699cc/000	0
312	https://dummyimage.com/250x150/9966cc/fff	0
312	https://youtu.be/qhMDXwcv	1
313	https://dummyimage.com/500x400/ff6699/000	0
313	https://dummyimage.com/250x150/9966cc/fff	0
313	https://youtu.be/lcvOJnUx	1
313	https://youtu.be/PLtViOUT	1
314	https://dummyimage.com/300x250/663366/fff	0
314	https://dummyimage.com/350x250/33cc99/fff	0
314	https://youtu.be/lYLMaWwu	1
314	https://youtu.be/JsEHuMrk	1
314	https://youtu.be/aMyRrXej	1
315	https://dummyimage.com/950x750/cc9966/fff	0
315	https://dummyimage.com/700x500/ff6600/fff	0
316	https://dummyimage.com/300x200/000/fff	0
316	https://dummyimage.com/400x300/00ff00/000	0
316	https://youtu.be/EskSrcnz	1
317	https://dummyimage.com/750x550/996633/fff	0
317	https://dummyimage.com/350x250/33cc99/fff	0
317	https://youtu.be/NuGqQnmB	1
317	https://youtu.be/GNYZVljr	1
318	https://dummyimage.com/950x750/cc9966/fff	0
318	https://dummyimage.com/150x100/ff9933/000	0
318	https://dummyimage.com/950x750/cc9966/fff	0
318	https://youtu.be/BEysHopt	1
318	https://youtu.be/DVNdMumH	1
318	https://youtu.be/qWOBJTYU	1
319	https://dummyimage.com/550x350/3399ff/000	0
319	https://dummyimage.com/450x350/00cccc/000	0
319	https://dummyimage.com/500x300/ffff00/000	0
319	https://youtu.be/VzmpNAvl	1
320	https://dummyimage.com/900x700/663399/fff	0
320	https://dummyimage.com/100x100/6699cc/000	0
320	https://dummyimage.com/300x250/663366/fff	0
320	https://youtu.be/NxJaXRnd	1
320	https://youtu.be/CPcmovQR	1
321	https://dummyimage.com/200x200/ff00ff/fff	0
321	https://dummyimage.com/650x450/cc00cc/fff	0
321	https://dummyimage.com/200x200/ff00ff/fff	0
321	https://youtu.be/fCtnZYTh	1
321	https://youtu.be/xRNYShBo	1
321	https://youtu.be/pXKiQvyd	1
323	https://youtu.be/BozkYnrE	1
324	https://youtu.be/NiWHGTpe	1
324	https://youtu.be/qibsLWYv	1
324	https://youtu.be/kKUXerGn	1
326	https://dummyimage.com/100x100/6699cc/000	0
326	https://youtu.be/IAwjQnlb	1
327	https://dummyimage.com/650x450/cc00cc/fff	0
327	https://youtu.be/zqokRxyh	1
327	https://youtu.be/gQicdybw	1
328	https://dummyimage.com/450x350/00cccc/000	0
328	https://youtu.be/daxmQPZL	1
328	https://youtu.be/SDWFYtZi	1
328	https://youtu.be/SDWFYtZi	1
329	https://dummyimage.com/850x650/339966/fff	0
330	https://dummyimage.com/600x400/0000ff/fff	0
330	https://youtu.be/GnwVmXSP	1
331	https://dummyimage.com/400x300/00ff00/000	0
331	https://dummyimage.com/550x350/3399ff/000	0
331	https://youtu.be/FmSUkqhK	1
331	https://youtu.be/fJGaUECY	1
332	https://dummyimage.com/450x350/00cccc/000	0
332	https://dummyimage.com/450x350/00cccc/000	0
332	https://youtu.be/eCmrLwoX	1
332	https://youtu.be/uiSToyzX	1
332	https://youtu.be/OWFmVybU	1
333	https://dummyimage.com/300x250/663366/fff	0
333	https://dummyimage.com/600x400/0000ff/fff	0
334	https://dummyimage.com/550x350/3399ff/000	0
334	https://dummyimage.com/100x100/6699cc/000	0
334	https://youtu.be/hVAZvcfu	1
334	https://youtu.be/NxgsSqQk	1
335	https://dummyimage.com/150x100/ff9933/000	0
335	https://dummyimage.com/500x400/ff6699/000	0
335	https://dummyimage.com/350x250/33cc99/fff	0
335	https://youtu.be/dgBpbYNU	1
335	https://youtu.be/YBlSDoEx	1
335	https://youtu.be/dgBpbYNU	1
336	https://dummyimage.com/450x350/00cccc/000	0
336	https://dummyimage.com/650x450/cc00cc/fff	0
336	https://dummyimage.com/100x100/6699cc/000	0
337	https://dummyimage.com/150x100/ff9933/000	0
337	https://dummyimage.com/150x100/ff9933/000	0
337	https://dummyimage.com/650x450/cc00cc/fff	0
337	https://youtu.be/txnRWNgK	1
338	https://dummyimage.com/950x750/cc9966/fff	0
338	https://dummyimage.com/850x650/339966/fff	0
338	https://dummyimage.com/600x400/0000ff/fff	0
338	https://youtu.be/OTmKVGrc	1
338	https://youtu.be/GwyHmifZ	1
339	https://dummyimage.com/550x350/3399ff/000	0
339	https://dummyimage.com/500x300/ffff00/000	0
339	https://dummyimage.com/400x300/00ff00/000	0
339	https://youtu.be/wrjIWuAl	1
339	https://youtu.be/TKOdXUez	1
339	https://youtu.be/fEJsPRpK	1
341	https://youtu.be/IbJylAHF	1
342	https://youtu.be/UwgKvaBk	1
342	https://youtu.be/qcUgMtnv	1
343	https://youtu.be/mlgkqECw	1
343	https://youtu.be/GlCmFzox	1
343	https://youtu.be/urpdsbwJ	1
344	https://dummyimage.com/700x500/ff6600/fff	0
344	https://youtu.be/iYUBtMZk	1
345	https://dummyimage.com/350x250/33cc99/fff	0
345	https://youtu.be/QpiJfoIg	1
345	https://youtu.be/DnJoQKEL	1
346	https://dummyimage.com/150x100/ff9933/000	0
346	https://youtu.be/qLHktefa	1
346	https://youtu.be/hFBSIzeL	1
346	https://youtu.be/kgYIltyo	1
347	https://dummyimage.com/500x400/ff6699/000	0
348	https://dummyimage.com/100x100/6699cc/000	0
348	https://youtu.be/elFWyNMp	1
349	https://dummyimage.com/850x650/339966/fff	0
349	https://dummyimage.com/200x200/ff00ff/fff	0
349	https://youtu.be/tjOXhQod	1
349	https://youtu.be/tjOXhQod	1
350	https://dummyimage.com/400x300/00ff00/000	0
350	https://dummyimage.com/500x400/ff6699/000	0
350	https://youtu.be/OFgXqRam	1
350	https://youtu.be/PZpWhYOU	1
350	https://youtu.be/MUbwuaCo	1
351	https://dummyimage.com/350x250/33cc99/fff	0
351	https://dummyimage.com/550x350/3399ff/000	0
351	https://youtu.be/mtuXiFfG	1
352	https://dummyimage.com/950x750/cc9966/fff	0
352	https://dummyimage.com/200x200/ff00ff/fff	0
352	https://youtu.be/rSDisAEc	1
352	https://youtu.be/nAaHNZMj	1
353	https://dummyimage.com/500x300/ffff00/000	0
353	https://dummyimage.com/700x500/ff6600/fff	0
353	https://dummyimage.com/750x550/996633/fff	0
353	https://youtu.be/xOXpbhSC	1
353	https://youtu.be/EbaCqrSL	1
353	https://youtu.be/VnJCbaQj	1
354	https://dummyimage.com/950x750/cc9966/fff	0
354	https://dummyimage.com/450x350/00cccc/000	0
354	https://dummyimage.com/900x700/663399/fff	0
355	https://dummyimage.com/200x200/ff00ff/fff	0
355	https://dummyimage.com/800x600/ff0000/fff	0
355	https://dummyimage.com/950x750/cc9966/fff	0
355	https://youtu.be/BiKPptgM	1
356	https://dummyimage.com/150x100/ff9933/000	0
356	https://dummyimage.com/300x200/000/fff	0
356	https://dummyimage.com/950x750/cc9966/fff	0
356	https://youtu.be/aMtpfhLB	1
356	https://youtu.be/GKrYpinB	1
357	https://dummyimage.com/850x650/339966/fff	0
357	https://dummyimage.com/450x350/00cccc/000	0
357	https://dummyimage.com/450x350/00cccc/000	0
357	https://youtu.be/uGonJIrY	1
357	https://youtu.be/EBXljdGz	1
357	https://youtu.be/dmlCjHWQ	1
359	https://youtu.be/wojdaRMC	1
360	https://youtu.be/rMVFNKLg	1
360	https://youtu.be/GLdvKjpq	1
360	https://youtu.be/sCcbPiqt	1
362	https://dummyimage.com/300x250/663366/fff	0
362	https://youtu.be/vRqlHVbU	1
363	https://dummyimage.com/850x650/339966/fff	0
363	https://youtu.be/BrZqEXxD	1
363	https://youtu.be/hRQuwIYi	1
364	https://dummyimage.com/600x400/0000ff/fff	0
364	https://youtu.be/TkxNSzEP	1
364	https://youtu.be/gGijmzfP	1
364	https://youtu.be/vQhXeKOP	1
365	https://dummyimage.com/750x550/996633/fff	0
366	https://dummyimage.com/250x150/9966cc/fff	0
366	https://youtu.be/yNBDgcil	1
367	https://dummyimage.com/150x100/ff9933/000	0
367	https://dummyimage.com/900x700/663399/fff	0
367	https://youtu.be/DrPZlyup	1
367	https://youtu.be/KDsqElnZ	1
367	https://youtu.be/tczuQnpD	1
368	https://dummyimage.com/500x400/ff6699/000	0
368	https://dummyimage.com/150x100/ff9933/000	0
369	https://dummyimage.com/300x250/663366/fff	0
369	https://dummyimage.com/150x100/ff9933/000	0
369	https://youtu.be/OnZexaFK	1
370	https://dummyimage.com/450x350/00cccc/000	0
370	https://dummyimage.com/700x500/ff6600/fff	0
370	https://dummyimage.com/250x150/9966cc/fff	0
370	https://youtu.be/BlrOCzGq	1
370	https://youtu.be/ligucESJ	1
370	https://youtu.be/YoPqOgdy	1
371	https://dummyimage.com/250x150/9966cc/fff	0
371	https://dummyimage.com/800x600/ff0000/fff	0
371	https://dummyimage.com/750x550/996633/fff	0
372	https://dummyimage.com/500x300/ffff00/000	0
372	https://dummyimage.com/750x550/996633/fff	0
372	https://dummyimage.com/450x350/00cccc/000	0
372	https://youtu.be/XYxbthUP	1
373	https://dummyimage.com/950x750/cc9966/fff	0
373	https://dummyimage.com/700x500/ff6600/fff	0
373	https://dummyimage.com/650x450/cc00cc/fff	0
373	https://youtu.be/mScyrAkH	1
373	https://youtu.be/RvLSkbQl	1
374	https://dummyimage.com/650x450/cc00cc/fff	0
374	https://dummyimage.com/150x100/ff9933/000	0
374	https://dummyimage.com/300x250/663366/fff	0
374	https://youtu.be/oBUyIYzv	1
374	https://youtu.be/EUrgJueY	1
374	https://youtu.be/EUrgJueY	1
376	https://youtu.be/YwzxthjZ	1
376	https://youtu.be/ZtkOHscI	1
377	https://youtu.be/OGRLZtYj	1
377	https://youtu.be/ixsEyLHo	1
377	https://youtu.be/hPptDGIc	1
378	https://dummyimage.com/800x600/ff0000/fff	0
378	https://youtu.be/EQxwfFiT	1
379	https://dummyimage.com/650x450/cc00cc/fff	0
379	https://youtu.be/juyqlJXa	1
379	https://youtu.be/gDPJYRit	1
380	https://dummyimage.com/100x100/6699cc/000	0
381	https://dummyimage.com/700x500/ff6600/fff	0
381	https://dummyimage.com/950x750/cc9966/fff	0
381	https://youtu.be/MxwscayU	1
381	https://youtu.be/HkUjftdz	1
382	https://dummyimage.com/450x350/00cccc/000	0
382	https://dummyimage.com/650x450/cc00cc/fff	0
382	https://youtu.be/znRmIiPL	1
382	https://youtu.be/ygJiTdDF	1
382	https://youtu.be/cgnjMkKN	1
383	https://dummyimage.com/400x300/00ff00/000	0
383	https://dummyimage.com/300x200/000/fff	0
384	https://dummyimage.com/500x300/ffff00/000	0
384	https://dummyimage.com/800x600/ff0000/fff	0
384	https://youtu.be/RMKXxtCm	1
385	https://dummyimage.com/100x100/6699cc/000	0
385	https://dummyimage.com/900x700/663399/fff	0
385	https://youtu.be/qMOkRrpQ	1
385	https://youtu.be/JOIVGRUb	1
386	https://dummyimage.com/800x600/ff0000/fff	0
386	https://dummyimage.com/550x350/3399ff/000	0
386	https://dummyimage.com/100x100/6699cc/000	0
386	https://youtu.be/ZdjLaqhF	1
386	https://youtu.be/EHCsXVAl	1
386	https://youtu.be/AzgbFepm	1
387	https://dummyimage.com/300x200/000/fff	0
387	https://dummyimage.com/400x300/00ff00/000	0
387	https://dummyimage.com/150x100/ff9933/000	0
388	https://dummyimage.com/300x250/663366/fff	0
388	https://dummyimage.com/450x350/00cccc/000	0
388	https://dummyimage.com/950x750/cc9966/fff	0
388	https://youtu.be/xQvKitIS	1
388	https://youtu.be/jcXDxfay	1
389	https://dummyimage.com/650x450/cc00cc/fff	0
389	https://dummyimage.com/900x700/663399/fff	0
389	https://dummyimage.com/300x250/663366/fff	0
389	https://youtu.be/vWpyzYXl	1
389	https://youtu.be/IgKrPUfy	1
389	https://youtu.be/bdDiwIqa	1
391	https://youtu.be/tCHmJLrn	1
392	https://youtu.be/nHYpMSmg	1
392	https://youtu.be/nHYpMSmg	1
393	https://youtu.be/VkGlXcds	1
393	https://youtu.be/VkGlXcds	1
393	https://youtu.be/QqpcKDVL	1
395	https://dummyimage.com/950x750/cc9966/fff	0
395	https://youtu.be/hZOUSLFl	1
396	https://dummyimage.com/350x250/33cc99/fff	0
396	https://youtu.be/jiRBUNQb	1
396	https://youtu.be/bpLRVTrk	1
397	https://dummyimage.com/650x450/cc00cc/fff	0
398	https://dummyimage.com/650x450/cc00cc/fff	0
398	https://youtu.be/YpvjUyam	1
399	https://dummyimage.com/850x650/339966/fff	0
399	https://dummyimage.com/550x350/3399ff/000	0
399	https://youtu.be/SmrhbUKJ	1
399	https://youtu.be/KSFvwZBX	1
400	https://dummyimage.com/550x350/3399ff/000	0
400	https://dummyimage.com/250x150/9966cc/fff	0
400	https://youtu.be/HVWLXMhZ	1
400	https://youtu.be/BbhAKoXw	1
400	https://youtu.be/BbhAKoXw	1
401	https://dummyimage.com/200x200/ff00ff/fff	0
401	https://dummyimage.com/400x300/00ff00/000	0
402	https://dummyimage.com/950x750/cc9966/fff	0
402	https://dummyimage.com/600x400/0000ff/fff	0
402	https://youtu.be/RjqYozsH	1
403	https://dummyimage.com/250x150/9966cc/fff	0
403	https://dummyimage.com/950x750/cc9966/fff	0
403	https://youtu.be/YcjavbGV	1
403	https://youtu.be/FuvSUYAi	1
404	https://dummyimage.com/600x400/0000ff/fff	0
404	https://dummyimage.com/450x350/00cccc/000	0
404	https://dummyimage.com/850x650/339966/fff	0
405	https://dummyimage.com/850x650/339966/fff	0
405	https://dummyimage.com/750x550/996633/fff	0
405	https://dummyimage.com/750x550/996633/fff	0
405	https://youtu.be/sVcrZHak	1
406	https://dummyimage.com/450x350/00cccc/000	0
406	https://dummyimage.com/100x100/6699cc/000	0
406	https://dummyimage.com/750x550/996633/fff	0
406	https://youtu.be/izYlUmwN	1
406	https://youtu.be/KWATBERu	1
407	https://dummyimage.com/300x200/000/fff	0
407	https://dummyimage.com/500x400/ff6699/000	0
407	https://dummyimage.com/500x300/ffff00/000	0
407	https://youtu.be/BSKzxqRL	1
407	https://youtu.be/cbXCyVrP	1
407	https://youtu.be/FeHZqwgP	1
409	https://youtu.be/vxfIkpOz	1
410	https://youtu.be/uQJbxOoc	1
410	https://youtu.be/uQJbxOoc	1
411	https://youtu.be/bZEjUTLn	1
411	https://youtu.be/MrPDduFN	1
411	https://youtu.be/BtqsmdlR	1
413	https://dummyimage.com/650x450/cc00cc/fff	0
413	https://youtu.be/zilfMOHk	1
413	https://youtu.be/VelLmvBq	1
414	https://dummyimage.com/100x100/6699cc/000	0
414	https://youtu.be/RCDPkdeQ	1
414	https://youtu.be/RCDPkdeQ	1
414	https://youtu.be/SNOqUFpv	1
415	https://dummyimage.com/300x250/663366/fff	0
416	https://dummyimage.com/250x150/9966cc/fff	0
416	https://youtu.be/pMreAUun	1
417	https://dummyimage.com/350x250/33cc99/fff	0
417	https://dummyimage.com/800x600/ff0000/fff	0
417	https://youtu.be/NhrvIMzm	1
417	https://youtu.be/IhZFbzLY	1
418	https://dummyimage.com/550x350/3399ff/000	0
418	https://dummyimage.com/700x500/ff6600/fff	0
418	https://youtu.be/NbBletyu	1
418	https://youtu.be/ZRlcXDkm	1
418	https://youtu.be/DjJlKNqO	1
419	https://dummyimage.com/850x650/339966/fff	0
419	https://dummyimage.com/850x650/339966/fff	0
419	https://youtu.be/CJlayQbR	1
420	https://dummyimage.com/450x350/00cccc/000	0
420	https://dummyimage.com/250x150/9966cc/fff	0
420	https://dummyimage.com/250x150/9966cc/fff	0
420	https://youtu.be/leHfWGDP	1
420	https://youtu.be/NzaiFuDr	1
420	https://youtu.be/NxDUzcra	1
421	https://dummyimage.com/200x200/ff00ff/fff	0
421	https://dummyimage.com/550x350/3399ff/000	0
421	https://dummyimage.com/500x300/ffff00/000	0
422	https://dummyimage.com/950x750/cc9966/fff	0
422	https://dummyimage.com/300x250/663366/fff	0
422	https://dummyimage.com/450x350/00cccc/000	0
422	https://youtu.be/WNyxUdur	1
423	https://dummyimage.com/900x700/663399/fff	0
423	https://dummyimage.com/750x550/996633/fff	0
423	https://dummyimage.com/800x600/ff0000/fff	0
423	https://youtu.be/EBrZcpoC	1
423	https://youtu.be/AnaROhDM	1
423	https://youtu.be/KxRqQsaE	1
425	https://youtu.be/gYKoQGde	1
426	https://youtu.be/XEoerGQK	1
426	https://youtu.be/BlpYkPFQ	1
427	https://youtu.be/YDvgecmQ	1
427	https://youtu.be/ScFuHROh	1
427	https://youtu.be/wgSYvUkx	1
429	https://dummyimage.com/900x700/663399/fff	0
429	https://youtu.be/IxjBlCSW	1
430	https://dummyimage.com/250x150/9966cc/fff	0
430	https://youtu.be/BIJLAiNK	1
430	https://youtu.be/PAhRIeDx	1
431	https://dummyimage.com/300x200/000/fff	0
431	https://youtu.be/BmbgQNyS	1
431	https://youtu.be/MXgNzEQs	1
431	https://youtu.be/CsUKtDQq	1
432	https://dummyimage.com/500x300/ffff00/000	0
433	https://dummyimage.com/450x350/00cccc/000	0
433	https://dummyimage.com/800x600/ff0000/fff	0
433	https://youtu.be/MzdCbRfg	1
433	https://youtu.be/RgWirsBq	1
434	https://dummyimage.com/700x500/ff6600/fff	0
434	https://dummyimage.com/950x750/cc9966/fff	0
434	https://youtu.be/ENpIxFGc	1
434	https://youtu.be/MPHYFTBh	1
434	https://youtu.be/RQAhSnIP	1
435	https://dummyimage.com/900x700/663399/fff	0
435	https://dummyimage.com/150x100/ff9933/000	0
436	https://dummyimage.com/300x250/663366/fff	0
436	https://dummyimage.com/900x700/663399/fff	0
436	https://youtu.be/VhKsWGUw	1
437	https://dummyimage.com/550x350/3399ff/000	0
437	https://dummyimage.com/200x200/ff00ff/fff	0
437	https://youtu.be/lNzkTEdm	1
437	https://youtu.be/MiSwhyDj	1
438	https://dummyimage.com/950x750/cc9966/fff	0
438	https://dummyimage.com/850x650/339966/fff	0
438	https://dummyimage.com/550x350/3399ff/000	0
439	https://dummyimage.com/750x550/996633/fff	0
439	https://dummyimage.com/300x200/000/fff	0
439	https://dummyimage.com/150x100/ff9933/000	0
439	https://youtu.be/jrPFRLQt	1
440	https://dummyimage.com/750x550/996633/fff	0
440	https://dummyimage.com/450x350/00cccc/000	0
440	https://dummyimage.com/850x650/339966/fff	0
440	https://youtu.be/YUgOEFTe	1
440	https://youtu.be/wibAHWFh	1
441	https://dummyimage.com/200x200/ff00ff/fff	0
441	https://dummyimage.com/450x350/00cccc/000	0
441	https://dummyimage.com/650x450/cc00cc/fff	0
441	https://youtu.be/ApJgDVnP	1
441	https://youtu.be/wsfeEiSO	1
441	https://youtu.be/TFgUXLuZ	1
442	https://youtu.be/igtNYvzM	1
443	https://youtu.be/DIxCWAut	1
443	https://youtu.be/zkgsMGSY	1
444	https://youtu.be/mWsHlAUh	1
444	https://youtu.be/FlnoCBRx	1
444	https://youtu.be/BfOcStWX	1
446	https://dummyimage.com/550x350/3399ff/000	0
446	https://youtu.be/LHXBUKjM	1
447	https://dummyimage.com/550x350/3399ff/000	0
447	https://youtu.be/qANtOvGZ	1
447	https://youtu.be/glsvumjH	1
447	https://youtu.be/FOkLsDXI	1
448	https://dummyimage.com/550x350/3399ff/000	0
449	https://dummyimage.com/500x400/ff6699/000	0
449	https://youtu.be/mFqQOwdJ	1
450	https://dummyimage.com/700x500/ff6600/fff	0
450	https://dummyimage.com/150x100/ff9933/000	0
450	https://youtu.be/ItBlcdoD	1
450	https://youtu.be/mixrRUFc	1
451	https://dummyimage.com/550x350/3399ff/000	0
451	https://dummyimage.com/300x200/000/fff	0
451	https://youtu.be/OIemCHqK	1
451	https://youtu.be/wsfchNZx	1
451	https://youtu.be/wsfchNZx	1
452	https://dummyimage.com/250x150/9966cc/fff	0
452	https://dummyimage.com/500x300/ffff00/000	0
453	https://dummyimage.com/700x500/ff6600/fff	0
453	https://dummyimage.com/450x350/00cccc/000	0
453	https://youtu.be/WFQmXwHO	1
453	https://youtu.be/IEHONPzv	1
454	https://dummyimage.com/400x300/00ff00/000	0
454	https://dummyimage.com/900x700/663399/fff	0
454	https://dummyimage.com/500x300/ffff00/000	0
454	https://youtu.be/ARjoPHvE	1
454	https://youtu.be/dkmWAzcN	1
454	https://youtu.be/dkmWAzcN	1
455	https://dummyimage.com/200x200/ff00ff/fff	0
455	https://dummyimage.com/450x350/00cccc/000	0
455	https://dummyimage.com/350x250/33cc99/fff	0
456	https://dummyimage.com/900x700/663399/fff	0
456	https://dummyimage.com/500x300/ffff00/000	0
456	https://dummyimage.com/750x550/996633/fff	0
456	https://youtu.be/pajreIWK	1
457	https://dummyimage.com/850x650/339966/fff	0
457	https://dummyimage.com/300x200/000/fff	0
457	https://dummyimage.com/950x750/cc9966/fff	0
457	https://youtu.be/CcOVRgTS	1
457	https://youtu.be/EcKHifog	1
458	https://dummyimage.com/550x350/3399ff/000	0
458	https://dummyimage.com/700x500/ff6600/fff	0
458	https://dummyimage.com/500x300/ffff00/000	0
458	https://youtu.be/vSNabXUs	1
458	https://youtu.be/QhzAyEVi	1
458	https://youtu.be/BbcUVvfH	1
460	https://youtu.be/ObDqWPty	1
461	https://youtu.be/dUPvnbxw	1
461	https://youtu.be/fZskHhYt	1
462	https://youtu.be/Favoehir	1
462	https://youtu.be/FYHmcxjp	1
462	https://youtu.be/DVPlbILc	1
463	https://dummyimage.com/950x750/cc9966/fff	0
463	https://youtu.be/fqwJFQDW	1
464	https://dummyimage.com/600x400/0000ff/fff	0
464	https://youtu.be/QdvCShNL	1
464	https://youtu.be/DjyKRHsQ	1
465	https://dummyimage.com/500x300/ffff00/000	0
465	https://youtu.be/MDkLZyqh	1
465	https://youtu.be/nQSxgtXf	1
465	https://youtu.be/BySVKlTp	1
466	https://dummyimage.com/200x200/ff00ff/fff	0
467	https://dummyimage.com/500x300/ffff00/000	0
467	https://youtu.be/wFulzCGe	1
468	https://dummyimage.com/300x200/000/fff	0
468	https://dummyimage.com/100x100/6699cc/000	0
468	https://youtu.be/pvDWaCqe	1
468	https://youtu.be/pvDWaCqe	1
469	https://dummyimage.com/500x400/ff6699/000	0
469	https://dummyimage.com/800x600/ff0000/fff	0
469	https://youtu.be/Qdoljaxc	1
469	https://youtu.be/aXYBeTNZ	1
469	https://youtu.be/ZwMCfejX	1
470	https://dummyimage.com/700x500/ff6600/fff	0
470	https://dummyimage.com/300x200/000/fff	0
471	https://dummyimage.com/500x300/ffff00/000	0
471	https://dummyimage.com/850x650/339966/fff	0
471	https://youtu.be/IyZcDPFo	1
472	https://dummyimage.com/100x100/6699cc/000	0
472	https://dummyimage.com/100x100/6699cc/000	0
472	https://dummyimage.com/200x200/ff00ff/fff	0
472	https://youtu.be/VtmSDXTA	1
472	https://youtu.be/xPeojiwY	1
472	https://youtu.be/gTNEXVYc	1
473	https://dummyimage.com/800x600/ff0000/fff	0
473	https://dummyimage.com/850x650/339966/fff	0
473	https://dummyimage.com/900x700/663399/fff	0
474	https://dummyimage.com/500x400/ff6699/000	0
474	https://dummyimage.com/150x100/ff9933/000	0
474	https://dummyimage.com/300x250/663366/fff	0
474	https://youtu.be/SYRZGaJw	1
475	https://dummyimage.com/150x100/ff9933/000	0
475	https://dummyimage.com/400x300/00ff00/000	0
475	https://dummyimage.com/400x300/00ff00/000	0
475	https://youtu.be/eSrpzjEm	1
475	https://youtu.be/bEregFtZ	1
476	https://dummyimage.com/600x400/0000ff/fff	0
476	https://dummyimage.com/650x450/cc00cc/fff	0
476	https://dummyimage.com/100x100/6699cc/000	0
476	https://youtu.be/KrLqfpIu	1
476	https://youtu.be/gBDlCpZR	1
476	https://youtu.be/EByeRTwA	1
477	https://youtu.be/HVUQNIah	1
477	https://youtu.be/XwGPDErB	1
478	https://youtu.be/UvmSyILf	1
478	https://youtu.be/FVogPdlp	1
478	https://youtu.be/UvmSyILf	1
480	https://dummyimage.com/100x100/6699cc/000	0
480	https://youtu.be/QNlvxVPZ	1
481	https://dummyimage.com/850x650/339966/fff	0
481	https://youtu.be/sTaglvOi	1
481	https://youtu.be/Caphoqlb	1
481	https://youtu.be/iyFuENdo	1
482	https://dummyimage.com/450x350/00cccc/000	0
483	https://dummyimage.com/250x150/9966cc/fff	0
483	https://youtu.be/PaqGgAtc	1
484	https://dummyimage.com/150x100/ff9933/000	0
484	https://dummyimage.com/100x100/6699cc/000	0
484	https://youtu.be/miflVDgr	1
484	https://youtu.be/QAWtOGIw	1
485	https://dummyimage.com/800x600/ff0000/fff	0
485	https://dummyimage.com/100x100/6699cc/000	0
485	https://youtu.be/aHYjoBEX	1
485	https://youtu.be/sCBInEZx	1
485	https://youtu.be/DQdvsVhg	1
486	https://dummyimage.com/700x500/ff6600/fff	0
486	https://dummyimage.com/300x200/000/fff	0
487	https://dummyimage.com/900x700/663399/fff	0
487	https://dummyimage.com/300x250/663366/fff	0
487	https://youtu.be/ARYGnCLt	1
488	https://dummyimage.com/100x100/6699cc/000	0
488	https://dummyimage.com/250x150/9966cc/fff	0
488	https://youtu.be/PpwOTEjq	1
488	https://youtu.be/PpwOTEjq	1
489	https://dummyimage.com/950x750/cc9966/fff	0
489	https://dummyimage.com/500x400/ff6699/000	0
489	https://dummyimage.com/150x100/ff9933/000	0
490	https://dummyimage.com/600x400/0000ff/fff	0
490	https://dummyimage.com/550x350/3399ff/000	0
490	https://dummyimage.com/600x400/0000ff/fff	0
490	https://youtu.be/cYfGOLom	1
490	https://youtu.be/MeLanhum	1
491	https://dummyimage.com/500x300/ffff00/000	0
491	https://dummyimage.com/250x150/9966cc/fff	0
491	https://dummyimage.com/700x500/ff6600/fff	0
491	https://youtu.be/mesFxEcw	1
491	https://youtu.be/jCAkhrzx	1
491	https://youtu.be/XqzEGQFc	1
493	https://youtu.be/hGdHYqfC	1
494	https://youtu.be/pyvcahjb	1
494	https://youtu.be/DFZqALkE	1
495	https://youtu.be/saVqrdJP	1
495	https://youtu.be/SLmOPWuB	1
495	https://youtu.be/QrcXgmwH	1
497	https://dummyimage.com/600x400/0000ff/fff	0
497	https://youtu.be/hKzkAelL	1
498	https://dummyimage.com/200x200/ff00ff/fff	0
498	https://youtu.be/XjKEmyzF	1
498	https://youtu.be/gPHCBmKG	1
498	https://youtu.be/DiRGdhEZ	1
499	https://dummyimage.com/500x400/ff6699/000	0
500	https://dummyimage.com/400x300/00ff00/000	0
500	https://youtu.be/nORmPGXE	1
501	https://dummyimage.com/750x550/996633/fff	0
501	https://dummyimage.com/200x200/ff00ff/fff	0
501	https://youtu.be/YvAjHbou	1
501	https://youtu.be/cGzbOMUH	1
502	https://dummyimage.com/100x100/6699cc/000	0
502	https://dummyimage.com/700x500/ff6600/fff	0
502	https://youtu.be/PDiFWCxm	1
502	https://youtu.be/mxfuNlKR	1
502	https://youtu.be/jneoEaHD	1
503	https://dummyimage.com/850x650/339966/fff	0
503	https://dummyimage.com/500x400/ff6699/000	0
504	https://dummyimage.com/850x650/339966/fff	0
504	https://dummyimage.com/900x700/663399/fff	0
504	https://youtu.be/ABychzqL	1
505	https://dummyimage.com/550x350/3399ff/000	0
505	https://dummyimage.com/200x200/ff00ff/fff	0
505	https://dummyimage.com/800x600/ff0000/fff	0
505	https://youtu.be/XqhLUDIK	1
505	https://youtu.be/DvaKeZsq	1
505	https://youtu.be/DzFfaxIT	1
649	https://dummyimage.com/900x700/663399/fff	0
649	https://youtu.be/GnaBySMR	1
650	https://dummyimage.com/450x350/00cccc/000	0
650	https://youtu.be/IidXHvGw	1
651	https://dummyimage.com/500x300/ffff00/000	0
651	https://dummyimage.com/700x500/ff6600/fff	0
651	https://dummyimage.com/400x300/00ff00/000	0
651	https://dummyimage.com/450x350/00cccc/000	0
651	https://youtu.be/FfvSYkxI	1
651	https://youtu.be/FfvSYkxI	1
651	https://youtu.be/vdNIBaEP	1
651	https://youtu.be/GnaBySMR	1
651	https://youtu.be/vdNIBaEP	1
652	https://dummyimage.com/800x600/ff0000/fff	0
652	https://youtu.be/aPowruCm	1
653	https://dummyimage.com/500x400/ff6699/000	0
653	https://youtu.be/FfvSYkxI	1